end_station_name,casual_user,member_user
Streeter Dr & Grand Ave,57488,14534
DuSable Lake Shore Dr & Monroe St,28456,9914
Millennium Park,25752,7952
Michigan Ave & Oak St,25255,12777
DuSable Lake Shore Dr & North Blvd,25099,15069
Theater on the Lake,18551,12872
Shedd Aquarium,17989,5136
Wells St & Concord Ln,14315,20255
Clark St & Armitage Ave,12979,13997
Clark St & Lincoln Ave,12840,12552
Dusable Harbor,12730,5369
Indiana Ave & Roosevelt Rd,11896,12435
Montrose Harbor,11407,7140
Wabash Ave & Grand Ave,11359,14107
Clark St & Elm St,11305,20874
Clark St & Newport St,10987,10303
Sheffield Ave & Waveland Ave,10833,10523
Wells St & Elm St,10825,17391
Broadway & Barry Ave,10784,16477
Michigan Ave & Washington St,10695,11928
LaSalle St & Illinois St,10213,11960
Adler Planetarium,10119,4429
Wilton Ave & Belmont Ave,9910,14511
DuSable Lake Shore Dr & Diversey Pkwy,9621,11010
DuSable Lake Shore Dr & Belmont Ave,9617,9108
Michigan Ave & 8th St,9616,4930
Clark St & Wrightwood Ave,9597,14008
McClurg Ct & Ohio St,9372,9727
Michigan Ave & Lake St,9298,11110
Larrabee St & Webster Ave,9198,11737
Lakeview Ave & Fullerton Pkwy,9143,11295
Dearborn St & Erie St,9003,15769
Damen Ave & Pierce Ave,8830,10935
New St & Illinois St,8826,11115
Wells St & Evergreen Ave,8740,10497
Halsted St & Roscoe St,8678,10909
DuSable Lake Shore Dr & Wellington Ave,8460,9882
Wells St & Huron St,8422,14629
St. Clair St & Erie St,8275,15628
Fairbanks Ct & Grand Ave,8232,10157
Ashland Ave & Division St,8037,13383
Clark St & Drummond Pl,7848,13486
Lincoln Ave & Fullerton Ave,7794,11149
Wabash Ave & Roosevelt Rd,7741,12662
Southport Ave & Roscoe St,7681,11501
State St & Randolph St,7537,10252
Broadway & Cornelia Ave,7463,11835
Halsted St & Wrightwood Ave,7418,11555
Michigan Ave & Jackson Blvd,7357,4350
Wells St & Hubbard St,7301,14473
Sheffield Ave & Fullerton Ave,7276,14273
Dearborn Pkwy & Delaware Pl,7233,12873
Kingsbury St & Kinzie St,7186,23179
Green St & Madison St,7147,14550
Southport Ave & Waveland Ave,7040,10526
Pine Grove Ave & Waveland Ave,7001,10618
Sheffield Ave & Wrightwood Ave,6981,8956
Broadway & Waveland Ave,6869,12893
Clark St & Schiller St,6831,11329
Rush St & Cedar St,6810,9251
Wabash Ave & Wacker Pl,6808,4896
Lincoln Park Conservatory,6737,4902
Sheffield Ave & Wellington Ave,6592,9897
Sheffield Ave & Webster Ave,6513,9874
Clark St & Wellington Ave,6504,9707
Clinton St & Madison St,6481,18415
Stockton Dr & Wrightwood Ave,6366,8757
Broadway & Belmont Ave,6338,9238
Halsted St & Clybourn Ave,6284,12348
Halsted St & Dickens Ave,6106,9354
Kedzie Ave & Milwaukee Ave,6094,6328
Clark St & North Ave,6081,6175
Sedgwick St & North Ave,6043,8907
Lakefront Trail & Bryn Mawr Ave,5869,6947
Racine Ave & Belmont Ave,5786,7310
Mies van der Rohe Way & Chestnut St,5764,8711
State St & Chicago Ave,5757,11161
Columbus Dr & Randolph St,5752,9222
State St & Kinzie St,5733,9134
Federal St & Polk St,5680,11018
Clark St & Grace St,5612,6788
Wabash Ave & 9th St,5610,8264
Wilton Ave & Diversey Pkwy,5572,9832
Wood St & Milwaukee Ave,5565,8039
Desplaines St & Kinzie St,5489,12763
Sheridan Rd & Irving Park Rd,5484,10671
Field Museum,5450,1728
Franklin St & Jackson Blvd,5432,10650
Southport Ave & Wrightwood Ave,5408,6122
Michigan Ave & Pearson St,5358,4573
California Ave & Milwaukee Ave,5336,5830
Clark St & Winnemac Ave,5332,8075
Damen Ave & Cortland St,5326,6055
Clark St & Lake St,5247,9241
Pine Grove Ave & Irving Park Rd,5216,8476
Buckingham Fountain,5204,981
Sedgwick St & Webster Ave,5202,8167
Milwaukee Ave & Grand Ave,5178,8371
Wentworth Ave & Cermak Rd,5173,4830
Rush St & Superior St,5117,9271
Field Blvd & South Water St,5088,6239
Lincoln Ave & Diversey Pkwy,5036,9182
Greenview Ave & Fullerton Ave,5023,7410
Franklin St & Illinois St,5012,8139
University Ave & 57th St,4944,18318
Mies van der Rohe Way & Chicago Ave,4937,9184
Burling St & Diversey Pkwy,4914,9104
Ritchie Ct & Banks St,4837,6797
Cityfront Plaza Dr & Pioneer Ct,4836,5628
Broadway & Sheridan Rd,4813,8565
Sheridan Rd & Montrose Ave,4807,8842
Dearborn St & Monroe St,4792,11578
Kingsbury St & Erie St,4756,11213
LaSalle Dr & Huron St,4753,6385
Southport Ave & Wellington Ave,4735,7335
Canal St & Adams St,4721,14447
Green St & Randolph St*,4703,4909
Franklin St & Chicago Ave,4686,9884
Peoria St & Jackson Blvd,4636,11345
Bissell St & Armitage Ave*,4603,6432
Michigan Ave & Ida B Wells Dr,4562,2666
Clinton St & Washington Blvd,4534,19261
Burnham Harbor,4521,5560
Michigan Ave & Madison St,4515,5437
Shore Dr & 55th St,4504,6205
Honore St & Division St,4472,6035
Clinton St & Lake St,4357,12426
Clinton St & Jackson Blvd,4353,12275
Franklin St & Lake St,4340,9153
Southport Ave & Belmont Ave,4334,6775
McClurg Ct & Erie St,4331,10109
Milwaukee Ave & Wabansia Ave,4328,6920
Kimbark Ave & 53rd St,4327,9543
Clark St & Berwyn Ave,4295,6292
Fort Dearborn Dr & 31st St,4250,3942
Michigan Ave & 14th St,4249,6984
Ellis Ave & 60th St,4245,16973
Sheffield Ave & Kingsbury St,4245,8649
Stetson Ave & South Water St,4208,5919
Daley Center Plaza,4199,10178
Morgan St & Lake St,4186,6126
Ravenswood Ave & Lawrence Ave,4100,9432
Lakefront Trail & Wilson Ave,4074,4155
McCormick Place,4071,1534
Orleans St & Merchandise Mart Plaza,4066,10425
Southport Ave & Clybourn Ave,4024,6128
Ogden Ave & Chicago Ave,4012,6862
Damen Ave & Chicago Ave,3986,6623
Clark St & Chicago Ave,3962,6437
Cannon Dr & Fullerton Ave,3908,2440
Clarendon Ave & Junior Ter,3887,6972
Larrabee St & Kingsbury St,3852,13169
Wabash Ave & Adams St,3779,5609
Larrabee St & Division St,3762,6705
Sheffield Ave & Willow St,3746,7114
Western Ave & Winnebago Ave,3741,5234
Clark St & Randolph St,3728,10258
Canal St & Madison St,3716,10104
Desplaines St & Randolph St,3636,6578
Dayton St & North Ave,3632,6809
Clarendon Ave & Gordon Ter,3627,8468
Racine Ave & Fullerton Ave,3589,8962
Aberdeen St & Randolph St,3563,6994
State St & Harrison St,3537,3174
Clifton Ave & Armitage Ave,3524,6494
Damen Ave & Division St,3521,5375
Rush St & Hubbard St,3470,5625
Calumet Ave & 18th St,3367,5185
Franklin St & Adams St (Temp),3355,5623
Halsted St & Willow St,3316,7623
Michigan Ave & 18th St,3297,5760
Paulina Ave & North Ave,3293,4683
Halsted St & Maxwell St,3278,6719
Franklin St & Monroe St,3259,9617
Ellis Ave & 55th St,3251,13860
Ashland Ave & Blackhawk St,3246,5804
Eckhart Park,3244,5139
Broadway & Wilson - Truman College Vaccination Site,3243,5622
Elston Ave & Cortland St,3185,4993
Sangamon St & Lake St,3185,4409
Aberdeen St & Jackson Blvd,3162,7693
Carpenter St & Huron St,3138,5707
Larrabee St & Armitage Ave,3107,5260
Western Ave & Walton St,3104,3676
Marine Dr & Ainslie St,3102,3806
Wells St & Polk St,3079,6359
Ogden Ave & Race Ave,3051,6057
Racine Ave & Wrightwood Ave,3031,4369
State St & Van Buren St,3028,5503
Clark St & Bryn Mawr Ave,3003,4876
Orleans St & Chestnut St (NEXT Apts),2988,5160
Sedgwick St & Huron St,2951,6894
Clinton St & Roosevelt Rd,2942,5375
Clark St & Leland Ave,2937,5571
Canal St & Monroe St,2933,8271
California Ave & Cortez St,2911,3145
Ada St & Washington Blvd,2910,4821
Dearborn St & Adams St,2887,5994
Wells St & Walton St,2871,5762
Broadway & Argyle St,2862,5154
900 W Harrison St,2837,8033
Canal St & Jackson Blvd,2819,7245
LaSalle St & Jackson Blvd,2816,9957
Greenview Ave & Diversey Pkwy,2814,3576
Ashland Ave & Grace St,2812,3724
Wabash Ave & 16th St,2803,4867
Ashland Ave & Wrightwood Ave,2789,3485
Broadway & Granville Ave,2757,4109
Damen Ave & Charleston St,2742,2924
Delano Ct & Roosevelt Rd,2736,4097
Sangamon St & Washington Blvd,2726,5957
Broadway & Thorndale Ave,2717,4154
Sheridan Rd & Buena Ave,2713,5727
Museum of Science and Industry,2711,1511
Lake Park Ave & 53rd St,2696,3804
Larrabee St & North Ave,2686,3721
Loomis St & Lexington St,2674,17797
Desplaines St & Jackson Blvd,2671,8146
Cornell Ave & Hyde Park Blvd,2634,4308
Dearborn St & Van Buren St,2620,3612
May St & Taylor St,2594,9838
Western Ave & Leland Ave,2572,4593
Clarendon Ave & Leland Ave,2571,4212
Noble St & Milwaukee Ave,2545,5057
Broadway & Berwyn Ave,2544,5185
Calumet Ave & 21st St,2530,1544
Bissell St & Armitage Ave,2514,4543
Orleans St & Hubbard St,2501,5589
Winthrop Ave & Lawrence Ave,2475,3530
Leavitt St & North Ave,2474,3390
Wood St & Chicago Ave,2467,4335
LaSalle St & Washington St,2463,5961
Walsh Park,2460,4316
Logan Blvd & Elston Ave,2458,3271
Southport Ave & Irving Park Rd,2452,4937
Lincoln Ave & Roscoe St*,2452,4001
Campbell Ave & North Ave,2435,3192
Halsted St & Polk St,2424,12288
Racine Ave & 18th St,2424,4272
Aberdeen St & Monroe St,2410,6986
Damen Ave & Thomas St (Augusta Blvd),2403,4037
Blue Island Ave & 18th St,2392,3445
Chicago Ave & Sheridan Rd,2374,2076
Wacker Dr & Washington St,2352,6053
Clark St & Montrose Ave,2327,3428
Seeley Ave & Roscoe St,2307,3502
Damen Ave & Wellington Ave,2280,2374
Sheridan Rd & Lawrence Ave,2273,3896
Spaulding Ave & Armitage Ave,2258,2379
Morgan St & 18th St,2257,3304
Humboldt Blvd & Armitage Ave,2257,2382
State St & Pearson St,2240,4686
Morgan St & Polk St,2229,12123
Sheridan Rd & Noyes St (NU),2226,2941
N Green St & W Lake St,2225,2890
Canal St & Taylor St,2204,4451
Woodlawn Ave & 55th St,2193,5209
California Ave & Division St,2171,2165
Leavitt St & Armitage Ave,2162,2879
Ashland Ave & Grand Ave,2154,3499
Western Ave & Division St,2146,2343
Leavitt St & Chicago Ave,2140,2481
Ashland Ave & Lake St,2138,2432
Morgan St & Lake St*,2128,2822
Broadway & Ridge Ave,2127,4412
Jefferson St & Monroe St,2120,5567
Fairbanks St & Superior St,2100,5549
Lake Park Ave & 56th St,2092,4753
Ashland Ave & Wellington Ave,2074,4251
Lincoln Ave & Belmont Ave (Temp),2068,3170
Green St & Randolph St,2062,2995
Lincoln Ave & Belle Plaine Ave,1993,3521
Lincoln Ave & Sunnyside Ave,1989,3378
Benson Ave & Church St,1987,2770
Leavitt St & Belmont Ave,1972,2244
Ashland Ave & Chicago Ave,1970,3975
Wabash Ave & Cermak Rd,1959,1601
Clybourn Ave & Division St,1945,5023
Wolcott (Ravenswood) Ave & Montrose Ave,1945,3008
California Ave & North Ave,1920,2520
California Ave & Fletcher St,1907,1711
Clark St & 9th St (AMLI),1904,3209
Ravenswood Ave & Irving Park Rd,1895,3422
Sheridan Rd & Loyola Ave,1893,2389
Sedgwick St & Schiller St,1888,2318
Paulina St & 18th St,1847,2777
Racine Ave & Randolph St,1834,3385
California Ave & Francis Pl (Temp),1832,2238
Milwaukee Ave & Rockwell St,1827,2345
Ashland Ave & Augusta Blvd,1819,4526
Damen Ave & Grand Ave,1810,3370
Ellis Ave & 58th St,1798,7501
Financial Pl & Ida B Wells Dr,1771,5054
Wood St & Augusta Blvd,1757,3412
Albany Ave & Bloomingdale Ave,1751,2352
Larrabee St & Oak St,1743,5391
Damen Ave & Melrose Ave,1737,1918
Throop St & Taylor St,1731,5549
Kedzie Ave & Palmer Ct,1716,2094
LaSalle St & Adams St,1706,2916
Damen Ave & Foster Ave,1704,2439
Loomis St & Jackson Blvd,1693,4184
Larrabee St & Menomonee St,1672,3715
Stave St & Armitage Ave,1641,2452
Orleans St & Elm St,1622,3084
Damen Ave & Clybourn Ave,1612,2872
Damen Ave & Leland Ave,1596,3151
Ashland Ave & Belle Plaine Ave,1588,1482
Racine Ave & Washington Blvd,1581,3439
Central Park Ave & Bloomingdale Ave,1579,1457
Campbell Ave & Fullerton Ave,1563,1640
Green St & Washington Blvd,1532,1790
Lincoln Ave & Waveland Ave,1520,2897
California Ave & Altgeld St,1520,1999
Clark St & Ida B Wells Dr,1516,4181
Halsted St & Roosevelt Rd,1504,6091
Glenwood Ave & Morse Ave,1487,2700
Elizabeth (May) St & Fulton St,1478,3394
Buckingham Fountain (Temp),1453,699
MLK Jr Dr & 29th St,1437,6417
Troy St & North Ave,1433,1435
St. Louis Ave & Fullerton Ave,1422,1785
Wood St & Hubbard St,1419,2566
Lincoln Ave & Addison St,1416,1995
Damen Ave & Cullerton St,1412,1538
Elston Ave & Wabansia Ave,1396,1920
Blackstone Ave & Hyde Park Blvd,1395,2547
State St & 33rd St,1364,11582
Damen Ave & Madison St,1342,1441
Leavitt St & Division St,1324,2461
Damen Ave & Walnut (Lake) St,1307,1775
Richmond St & Diversey Ave,1297,1533
Ravenswood Ave & Berteau Ave,1286,2523
Halsted St & 18th St,1281,2167
Emerald Ave & 31st St,1268,4911
Kosciuszko Park,1262,1250
Clinton St & Tilden St,1257,2703
Lake Park Ave & 35th St,1245,1193
Chicago Ave & Washington St,1235,1650
Wells St & 19th St,1233,1062
Paulina St & Montrose Ave,1231,2314
Talman Ave & Addison St,1231,1906
Paulina St & Flournoy St,1225,7289
Winchester Ave & Elston Ave,1221,2360
Clark St & Elmdale Ave,1220,2008
Sheridan Rd & Argyle St,1215,1693
Damen Ave & Sunnyside Ave,1204,2156
Sheridan Rd & Columbia Ave,1204,2096
Central Park Ave & Elbridge Ave,1191,1325
Morgan Ave & 14th Pl,1190,3420
Clinton St & 18th St,1183,1901
Racine Ave & Congress Pkwy,1180,5347
University Library (NU),1178,1643
Lincoln Ave & Roscoe St,1175,2504
State St & 19th St,1167,1463
Leavitt St & Addison St,1163,1782
Laflin St & Cullerton St,1159,1756
California Ave & Montrose Ave,1145,1950
Racine Ave & 15th St,1136,1764
Western Ave & Roscoe St,1112,2147
Claremont Ave & Hirsch St,1086,1565
Avers Ave & Belmont Ave,1079,966
Ellis Ave & 53rd St,1076,4111
May St & Cullerton St,1066,1568
Troy St & Elston Ave,1050,1320
Southport Ave & Clark St,1046,1776
Morgan St & 31st St,1039,2291
Clark St & Schreiber Ave,1032,2023
W Oakdale Ave & N Broadway,1013,965
California Ave & Byron St,1004,1288
Lake Park Ave & 47th St,1000,1341
Milwaukee Ave & Fullerton Ave,997,932
Wolcott Ave & Polk St,984,8616
Wentworth Ave & 24th St (Temp),974,1293
Spaulding Ave & Division St,964,1304
Western Ave & Congress Pkwy,963,2705
Hampden Ct & Diversey Ave,963,1492
Lincoln Ave & Winona St,951,1494
Rockwell St & Eastwood Ave,942,2110
Sheridan Rd & Greenleaf Ave,942,1003
Harper Ave & 59th St,928,3904
Rhodes Ave & 32nd St,919,3483
Oakley Ave & Irving Park Rd,917,1615
Leavitt St & Lawrence Ave,915,1624
Kimball Ave & Belmont Ave,914,999
Clark St & Lunt Ave,913,1859
Greenview Ave & Jarvis Ave,904,2212
Halsted St & 35th St,893,1562
Washtenaw Ave & Lawrence Ave,892,1814
State St & 35th St,889,3904
Racine Ave & Fullerton Ave (Temp),880,2370
Lincoln Ave & Belmont Ave,876,2476
Wood St & Taylor St (Temp),863,5261
Calumet Ave & 33rd St,857,6174
Halsted St & Archer Ave,828,1453
Damen Ave & Wabansia Ave,818,1018
Wilton Ave & Diversey Pkwy*,812,1170
Halsted St & 21st St,807,1162
Smith Park,802,1165
Western Ave & Fillmore St,801,4713
Indiana Ave & 26th St,800,1587
Hoyne Ave & Balmoral Ave,786,1347
Ogden Ave & Congress Pkwy,783,2246
Central Park Ave & North Ave,775,539
Artesian Ave & Hubbard St,771,1905
Winchester (Ravenswood) Ave & Balmoral Ave,769,1450
Clark St & Columbia Ave,765,1386
Greenwood Ave & 47th St,751,1039
Christiana Ave & Lawrence Ave,750,1114
Wentworth Ave & 35th St,749,921
Campbell Ave & Montrose Ave,748,2118
Cottage Grove Ave & Oakwood Blvd,728,360
Canal St & Harrison St,714,1729
Paulina St & Howard St,708,1640
Albany Ave & Montrose Ave,705,1242
Wentworth Ave & 33rd St,703,2207
Francisco Ave & Foster Ave,698,1522
W Armitage Ave & N Sheffield Ave,686,911
Keystone Ave & Fullerton Ave,686,455
Eastlake Ter & Rogers Ave,675,1114
Western Ave & Monroe St,674,1419
Avondale Ave & Irving Park Rd,673,797
Malcolm X College Vaccination Site,665,705
Monticello Ave & Irving Park Rd,663,675
Indiana Ave & 31st St,660,2929
Hermitage Ave & Polk St,653,4609
Kedzie Ave & Leland Ave,646,950
Cottage Grove Ave & 51st St,630,666
Emerald Ave & 28th St,627,2003
Cherry Ave & Blackhawk St,619,1427
Shields Ave & 31st St,583,3254
Western Ave & 21st St,581,837
Rockwell St & Fletcher St,580,501
MLK Jr Dr & Pershing Rd,572,532
Western Ave & Granville Ave,556,718
Cottage Grove Ave & 63rd St,554,549
South Shore Dr & 71st St,550,816
Kedzie Ave & Foster Ave,544,558
Halsted St & North Branch St,543,1151
Cottage Grove Ave & 47th St,543,773
Warren Park West,542,575
Wallace St & 35th St,538,1274
Loomis St & Archer Ave,535,840
Prairie Ave & Garfield Blvd,534,651
Calumet Ave & 35th St,519,1791
Drake Ave & Montrose Ave,519,818
Manor Ave & Leland Ave,518,1234
Drake Ave & Addison St,514,600
Woodlawn Ave & Lake Park Ave,513,738
Ashland Ave & 13th St,499,2945
63rd St Beach,495,375
Glenwood Ave & Touhy Ave,493,1416
Ogden Ave & Roosevelt Rd,492,1229
California Ave & 21st St,490,675
South Shore Dr & 67th St,490,508
Evanston Civic Center,485,628
Shields Ave & 28th Pl,484,2033
Bernard St & Elston Ave,481,1120
Budlong Woods Library,472,535
Broadway & Wilson Ave,470,1089
Central St Metra,469,677
Kedzie Ave & Chicago Ave,465,442
Sawyer Ave & Irving Park Rd,453,543
Conservatory Dr & Lake St,453,287
Elston Ave & George St,451,483
Western Ave & Lunt Ave,447,1002
Dorchester Ave & 63rd St,447,259
Kedzie Ave & Bryn Mawr Ave,446,578
N Sheffield Ave & W Wellington Ave,446,553
Wood St & Webster Ave,444,493
Keystone Ave & Montrose Ave,443,518
N Carpenter St & W Lake St,435,1233
Racine Ave & 13th St,431,482
Knox Ave & Montrose Ave,425,462
Clark St & Touhy Ave,424,495
Central St & Girard Ave,421,694
Elmwood Ave & Austin St,413,656
Racine Ave & 35th St,410,742
Leavitt St & Archer Ave,408,322
Western Ave & Howard St,403,636
Cottage Grove Ave & 43rd St,402,748
Prairie Ave & 43rd St,401,338
Wood St & 35th St,393,427
Clinton St & Polk St,392,725
Burnham Greenway & 112th St,385,104
Washtenaw Ave & Ogden Ave,384,534
Milwaukee Ave & Cuyler Ave,375,309
2112 W Peterson Ave,374,540
Dorchester Ave & 49th St,372,535
Central Park Ave & Ogden Ave,369,282
Ashland Ave & Archer Ave,367,768
California Ave & Lake St,366,357
Pulaski Rd & Eddy St (Temp),366,252
Warren Park East,364,601
Valli Produce - Evanston Plaza,361,378
Troy St & Grace St,358,244
Jeffery Blvd & 67th St,355,135
Maplewood Ave & Peterson Ave,349,363
Calumet Ave & 51st St,346,457
DuSable Museum,339,687
Francisco Ave & Montrose Ave,339,400
Western Ave & Grace St,338,370
MLK Jr Dr & 47th St,326,190
St. Louis Ave & Balmoral Ave,325,443
Damen Ave & Coulter St,319,421
Normal Ave & Archer Ave,317,775
Western Ave & 24th St,315,629
Ridge Blvd & Touhy Ave,306,378
Elizabeth St & Fulton St,305,714
Long & Irving Park,305,211
Dodge Ave & Church St,304,575
N Southport Ave & W Newport Ave,299,327
Lincolnwood Dr & Central St,295,299
State St & 95th St,295,181
Sacramento Blvd & Addison St,293,173
Jeffery Blvd & 71st St,292,202
State St & 29th St,288,861
Kedzie Ave & Lake St,286,378
Narragansett & Wrightwood,286,189
Stony Island Ave & 67th St,286,96
Kildare Ave & Montrose Ave,284,455
Kedzie Ave & 48th Pl,281,139
N Shore Channel Trail & Argyle St,280,233
Kedzie Ave & 21st St,280,145
Oakley Ave & Touhy Ave,279,323
Eberhart Ave & 61st St,263,195
Fairfield Ave & Roosevelt Rd,262,239
Austin Blvd & Lake St,259,188
Stony Island Ave & 64th St,255,118
Clark St & Jarvis Ave,253,733
Dodge Ave & Mulford St,252,196
Millard Ave & 26th St,252,185
Ridge Blvd & Howard St,246,439
Princeton Ave & 47th St,242,270
Stony Island Ave & 71st St,239,94
Harlem & Irving Park,238,82
Halsted St & 37th St,236,295
Indiana Ave & 40th St,233,85
Kedzie Ave & Roosevelt Rd,229,71
Dodge Ave & Main St,228,282
Hoyne Ave & 47th St,228,109
MLK Jr Dr & 63rd St,225,170
California Ave & 23rd Pl,222,341
Pulaski Rd & 51st St,221,269
Western Blvd & 48th Pl,220,75
Elston Ave & Henderson St,219,219
State St & 79th St,219,178
Wentworth Ave & 63rd St,214,83
Damen Ave & Pershing Rd,211,214
Albany Ave & 26th St,211,105
Calumet Park,211,66
South Shore Dr & 74th St,210,248
Bosworth Ave & Howard St,208,590
Whipple/Irving Park,208,135
Kedzie Ave & George St,206,357
Archer (Damen) Ave & 37th St,206,272
Burnham Greenway & 105th St,203,37
Western Ave & Gunnison St,198,267
Central Park Ave & 24th St,197,141
Union Ave & Root St,190,229
Kilbourn Ave & Irving Park Rd,190,196
Damen Ave & 59th St,190,21
Lincoln Ave & Balmoral Ave,188,271
Lawler Ave & 50th St,183,75
Washtenaw Ave & Polk St,182,205
Rockwell St & Cermak Rd,180,290
MLK Jr Dr & 56th St,180,79
Big Marsh Park,179,55
Francisco Ave & Bloomingdale Ave,174,251
Cottage Grove Ave & 67th St,174,157
N Paulina St & Lincoln Ave,173,305
Halsted St & 47th Pl,173,289
Stony Island Ave & 75th St,172,150
Wabash Ave & 87th St,171,175
Albany Ave & Belmont Ave,171,138
Perry Ave & 69th St,170,66
Central Ave & Chicago Ave,169,239
Western Ave & Berteau Ave,169,189
Wolcott Ave & Fargo Ave,167,256
Kilbourn Ave & Milwaukee Ave,166,195
Shields Ave & 43rd St,164,82
Commercial Ave & 130th St,164,23
Ashland Ave & McDowell Ave,163,259
Lamon Ave & Belmont Ave,163,132
Kedzie Ave & 24th St,163,92
Kedzie Ave & 57th St,163,86
Yates Blvd & 75th St,161,99
Kilbourn & Roscoe,160,128
Phillips Ave & 79th St,159,132
Vernon Ave & 79th St,157,28
Cottage Grove Ave & 83rd St,156,190
Marshfield Ave & 44th St,156,169
Princeton Ave & Garfield Blvd,155,159
Kilpatrick Ave & Parker Ave,151,169
Halsted St & 51st St,151,169
Sacramento Blvd & Franklin Blvd,148,255
Walden Pkwy & 100th St,147,41
Western Ave & 111th St,146,58
Public Rack - Milwaukee Ave & Diversey Ave,144,194
Lincoln Ave & Peterson Ave,144,182
Hale Ave & 107th St,144,35
Lawndale Ave & 111th St,142,22
Cottage Grove Ave & 71st St,141,64
Western Ave & 104th St,139,60
Racine Ave & Garfield Blvd,139,59
Prospect Sq & 91st St,138,43
Lavergne & Fullerton,136,98
Rainbow Beach,131,84
Rockwell St & Archer Ave,131,73
Kenosha & Wellington,130,96
Sayre & Diversey,130,70
Francisco Ave & 47th St,129,13
W Washington Blvd & N Peoria St,127,197
Kilpatrick Ave & Grand Ave,127,38
Narragansett & Irving Park,126,191
Austin Blvd & Chicago Ave,126,112
Stewart Ave & 63rd St,125,44
Seeley Ave & Garfield Blvd,125,13
Malcolm X College,124,209
Komensky Ave & 31st St,124,156
Halsted & 63rd - Kennedy-King Vaccination Site,124,76
Kostner Ave & Wrightwood Ave,124,60
Latrobe Ave & Chicago Ave,124,54
St Louis Ave & 59th St,124,20
Campbell Ave & Irving Park Rd,121,147
Stony Island Ave & 90th St,121,24
Austin Blvd & Madison St,120,104
Halsted St & 78th St,120,46
Commercial Ave & 83rd St,117,58
Pulaski Rd & 21st St,115,104
Jeffery Blvd & 76th St,114,55
Central Ave & Lake St,112,67
Cornell Dr & Hayes Dr,111,79
Sacramento Ave & Pershing Rd,111,45
Dauphin Ave & 103rd St,109,32
Chicago State University,108,216
Vernon Ave & 75th St,107,37
Public Rack - California Ave & Cortez St,106,67
Baltimore Ave & 87th St,105,46
Cicero Ave & Lake St,105,12
Lockwood Ave & Wrightwood Ave,104,203
Komensky Ave & 55th St,103,51
Kilbourn & Belden,103,36
Houston Ave & 92nd St,102,50
California Ave & 26th St,101,281
Public Rack - Christiana Ave & Belmont Ave,101,58
Narragansett Ave & School St,101,34
Pulaski Rd & Lake St,101,23
Ellis Ave & 83rd St,99,41
Marquette Ave & 89th St,99,38
N Damen Ave & W Chicago Ave,96,83
Central Ave & Harrison St,95,28
Central Park Blvd & 5th Ave,94,43
Public Rack - Mozart Elementary School,94,32
Dauphin Ave & 87th St,93,46
Halsted St & 96th St,92,112
Long Ave & Belden Ave,92,77
Lamon Ave & Armitage Ave,92,28
Rockwell St & 57th St,92,18
Vernon Ave & 107th St,92,12
California Ave & Winona St,91,264
Lawndale Ave & 30th St,91,80
Meade Ave & Diversey Ave,91,57
Indiana Ave & 103rd St,91,17
Michigan Ave & 71st St,91,14
Damen Ave & 51st St,91,14
Kedzie Ave & 45th St,91,7
Elizabeth St & 92nd St,90,86
Laramie Ave & Madison St,90,79
Pulaski Rd & Congress Pkwy,89,41
Kedzie Ave & 52nd St,89,31
Exchange Ave & 79th St,88,153
Ashland Ave & Pershing Rd,88,124
Orange & Addison,88,81
Cicero Ave & Grace St,87,24
Cicero Ave & Quincy St,87,10
Long Ave & Belmont Ave,85,82
Avenue O & 118th St,85,36
Karlov Ave & Madison St,85,35
Oak Park & Wellington,85,24
Greenwood Ave & 79th St,85,22
Greenwood Ave & 91st St,85,9
Homan Ave & 65th St,84,10
Kedzie Ave & Harrison St,83,91
Western Ave & Ardmore Ave,83,63
Artesian Ave & 55th St,83,13
DuSable Lake Shore Dr & Ohio St,82,179
Ashland Ave & 50th St,82,61
Ashland Ave & 63rd St,82,48
Homewood Ave & 115th St,81,85
California Ave & Marquette Rd,81,19
Central Ave & Roscoe St,80,110
Ping Tom Park (East),80,103
Kostner Ave & Armitage Ave,80,85
Public Rack - Lowell Ave & Elston Ave,80,49
Clyde Ave & 87th St,80,30
Lamon Ave & Chicago Ave,80,18
Archer Ave & 43rd St,79,54
Major Taylor Trail & 124th St,79,10
Public Rack - Monticello Ave & Belmont Ave,78,46
Laramie Ave & Kinzie St,77,44
Tripp Ave & 65th St,77,27
Fullerton & Monitor,76,62
Public Rack - Pulaski Rd & Armitage Ave,76,59
Ashland Ave & Garfield Blvd,76,20
W 103rd St & S Avers Ave,76,13
Eggleston Ave & 92nd St,76,3
Bennett Ave & 79th St,75,30
St Louis Ave & Norman Bobbins Ave,75,24
East End Ave & 87th St,74,49
Torrence Ave & 106th St,74,25
Cicero Ave & Flournoy St,74,25
Eggleston Ave & 69th St,74,23
Morgan St & Pershing Rd,73,151
Central Ave & Madison St,73,120
Central Ave & Parker Ave,73,69
Ewing Ave & Burnham Greenway,73,43
Shabbona Park,73,19
Vincennes Ave & 75th St,73,11
Kenneth Ave & 50th St,73,10
State St & 123rd St,73,4
Phillips Ave & 83rd St,72,47
Albany Ave & 16th St,72,44
Ashland Ave & 74th St,72,19
State St & Pershing Rd,71,137
Cottage Grove Ave & 111th Pl,71,72
Major Taylor Trail & 115th St,71,27
Eberhart Ave & 91st St,70,32
Midway Orange Line,70,14
Loomis St & 89th St,69,25
Harding Ave & 26th St,68,78
Central Park Ave & Ohio St,68,58
Public Rack - Milwaukee Ave & Haussen Ct,68,36
California & 16th St,68,34
Public Rack - Hamlin Ave & Fullerton Ave,67,134
Halsted St & 73rd St,67,80
State St & 54th St,67,77
Constance Ave & 95th St,66,27
Doty Ave & 111th St,66,17
La Villita Park (Albany/30th),66,8
Western & 28th - Velasquez Institute Vaccination Site,65,120
N Clark St & W Elm St,65,69
Kildare Ave & 47th St,65,57
Loomis Blvd & 84th St,65,48
Eastlake Ter & Howard St,64,121
Evans Ave & 75th St,64,89
Virginia Ave & Catalpa Ave,64,83
MTV Hubbard St,63,194
Washtenaw Ave & Superior St,63,71
Washtenaw Ave & Peterson Ave,63,52
Kedzie Ave & 110th St,62,40
Mason Ave & Belmont Ave,62,20
Wells St & Institute Pl,61,129
Mulligan Ave & Wellington Ave,61,102
Western Ave & Lake St,61,40
Michigan Ave & 114th St,61,12
MLK Jr Dr & 83rd St,60,94
Public Rack - Cicero Ave & Wrightwood Ave,60,74
Richmond St & Lincoln Ave,60,52
Washtenaw Ave & Madison St,60,40
Halsted St & 56th St,60,38
Avenue O & 134th St,60,22
Ashland Ave & 78th St,60,19
Kostner Ave & Lake St,60,15
Stewart Ave & 83rd St,59,65
Elizabeth St & 47th St,59,38
South Chicago Ave & 83rd St,59,15
Hegewisch Metra Station,59,14
Torrence Ave & 126th Pl,59,4
Maryland Ave & 104th St,58,123
Cottage Grove Ave & 78th St,58,69
May St & 69th St,57,122
Halsted St & 111th St,57,30
Public Rack - Rockwell Ave & Touhy Ave ,57,19
California Ave & 36th St,57,10
Public Rack - Spaulding Ave & North Ave,56,119
Hamlin Ave & 62nd Pl,56,50
Stony Island Ave & South Chicago Ave,56,45
Fairfield Ave & 44th St,54,29
Maplewood Ave & 59th St,54,7
Green St & Madison Ave*,53,168
Public Rack - Keystone Ave & North Ave,53,40
Halsted St & 59th St,53,15
Springfield Ave & 47th St,53,11
Stony Island Ave & 82nd St,52,100
Altgeld Gardens,52,10
Major Ave & Bloomingdale Ave,52,9
Public Rack - Spaulding Ave & Evergreen Ave,51,93
Monticello Ave & Chicago Ave,50,52
Halsted St & 69th St,50,38
Kostner Ave & Adams St,49,164
Public Rack - Washtenaw Ave & Devon Ave,49,112
Hyde Park Blvd & 55th St,49,67
Throop St & 52nd St,49,30
Kildare Ave & 26th St,49,6
Public Rack - Lawndale Ave & Diversey Ave,48,163
Central Park Ave & Douglas Blvd,48,23
Narragansett & McLean,48,23
Public Rack - Sacramento Ave & Devon Ave,48,18
Pulaski Rd & 60th St,48,14
Summit Ave & 86th St,47,88
Halsted St & 104th St,47,43
Kenton Ave & Madison St,47,34
Racine Ave & 109th Pl,47,15
Richmond St & 59th St,47,10
Eberhart Ave & 131st St,47,6
Greenwood Ave & 97th St,46,47
Spaulding Ave & 63rd St,46,44
Oglesby Ave & 100th St,46,38
Ada St & 113th St,46,7
Public Rack - Hamlin Ave & Grand Ave,46,5
Campbell Ave & 51st St,46,5
Racine Ave & 65th St,45,9
Bradley Park,45,7
Meade Ave & Addison St,44,32
Nordica & Medill,44,27
Albany Ave & Douglas Blvd,44,5
Francisco Ave & Hollywood Ave,43,16
Public Rack - Jonathan Y Scammon Public School,43,5
Hoyne Ave & 34th St,42,21
State St & 76th St,42,20
Public Rack - Eli Whitney Public School,42,2
Kostner Ave & 63rd St,41,16
Racine Ave & 61st St,41,7
Leamington Ave & Hirsch St,41,4
Lavergne Ave & 46th St,41,2
Public Rack - Western Ave & Jarvis Ave,40,36
Mozart Elementary School,40,17
Marshfield Ave & 59th St,40,13
Western Blvd & 49th St,40,9
Robert Fulton Elementary School,40,0
Public Rack - Hamlin Ave & Montrose Ave,39,76
Vincennes Ave & 104th St,39,42
Oketo Ave & Addison St,39,10
Tripp Ave & 31st St,38,21
Public Rack - Kostner Ave & Armitage Ave,36,72
Public Rack - Karlov Ave & Kamerling Ave,36,33
Troy Ave & 27th St,36,7
Carpenter St & 63rd St,36,7
Sacramento Ave & 25th St,35,20
Commercial Ave & 100th St,35,16
Laramie Ave & Gladys Ave,35,16
Rhodes Ave & 71st St,35,14
Milwaukee Ave & Diversey Ave,34,31
Damen Ave & 33rd St,34,27
Kedzie Ave & 61st Pl,34,9
Loomis St & Lexington St*,32,235
Public Rack - Kenton Ave & Palmer St,32,45
Public Rack - California Ave & Ogden Ave,32,6
Pulaski & Ann Lurie Pl,31,56
Public Rack - Western Ave & Devon Ave,31,36
Wabash Ave & 83rd St,31,22
Public Rack - Keystone Ave & Irving Park Rd,31,19
Public Rack - Kilbourn Ave & Fullerton Ave,31,8
Public Rack - Lake Shore Dr & Hayes Dr,31,8
Base - 2132 W Hubbard,30,113
Public Rack - Washtenaw Ave & Superior St,30,45
Spaulding Ave & 16th St,30,35
Yates Blvd & 93rd St,30,24
Public Rack - Pulaski Rd & Fullerton Ave,30,16
Public Rack - Milwaukee Ave & Addison St,30,14
Damen Ave & 74th St,30,12
Wentworth Ave & 104th St,30,11
Keeler Ave & Roosevelt Rd,30,4
Menard Ave & Division St,30,3
Campbell Ave & Montrose Ave (Temp),29,107
Public Rack - Kedzie Ave & Argyle St,29,62
Elizabeth St & 59th St,29,10
Calumet Ave & 71st St,29,9
Public Rack - Lockwood Ave & Diversey Ave,28,56
Public Rack - Milwaukee Ave & School St,28,52
Central Park & Augusta Blvd,28,51
Ashland Ave & 66th St,28,34
Harlem Ave & Grace St,28,13
Bloomingdale Ave & Harlem Ave,28,13
Long Ave & North Ave,28,11
Woodlawn Ave & 75th St,28,11
Public Rack - Kedvale Ave & Avondale Ave,28,5
Public Rack - Lorel Ave & Grand Ave,28,2
Base - 2132 W Hubbard Warehouse,27,44
Public Rack - Laramie Ave & Belmont Ave,26,18
Lawndale Ave & 16th St,26,15
Roscoe & Harlem,26,3
Lavergne Ave & Division St,26,2
Public Rack - Sawyer Ave & Lawrence Ave,25,12
Plainfield & Irving Park,25,9
Marquette Ave & 79th St,25,4
Kedzie Ave & 104th St,25,2
Harold Washington Park,24,18
Public Rack - Fullerton Ave & Narragansett Ave,24,13
Rockwell St & 63rd St,24,7
Public Rack - Christiana Ave & Lawrence Ave,23,21
Halsted St & 63rd St,23,14
Lafayette Ave & 95th St,23,11
Augusta Blvd & Laramie Ave,23,4
Menard Ave & North Ave,23,4
Walden Pkwy & 103rd St,23,1
Hyde Park Blvd & 53rd St,22,32
Homan Ave & Fillmore St,22,26
Kildare Ave & 55th St,22,13
Whipple St & Roosevelt Rd,22,9
Kedzie Ave & 54th St - SE,22,6
Avenue L & 114th St,22,2
Public Rack - Spaulding Ave & Foster Ave,21,7
Sacramento Blvd & Fulton Ave,20,51
Public Rack - Chopin Park,20,16
Newcastle Ave & Belden Ave,20,10
Public Rack - Austin Ave & Wrightwood Ave,20,9
Public Rack - Western Blvd & 49th St,20,7
Milwaukee Ave & Haussen Ct,20,4
Troy St & Jackson Blvd,20,2
Kildare & Cermak,19,51
Mozart St & Jackson Blvd,19,31
Western Ave & Jarvis Ave,19,28
Kimbark Ave & 67th St,19,15
Public Rack - Menard Ave & Dakin St - midblock,19,9
Panama Ave & Grace St,19,3
Public Rack - Laramie Ave & Grand Ave,19,2
Pulaski Rd & 44th St,18,80
Public Rack - Jensen Park,18,34
Public Rack - Kildare Ave & Division St,18,21
Kedzie Ave & 58th St,18,7
Pulaski & 52nd,18,2
Public Rack - Cicero Ave & Cortland St - midblock,18,2
Public Rack - Drake Ave & Leland Ave,17,12
Pulaski Rd & Fullerton Ave,17,12
Public Rack - Avers Ave & Ogden Ave,17,10
Public Rack - Spaulding Ave & Bryn Mawr Ave,17,9
Public Rack - Western Ave & 96th St,17,5
South Chicago Ave & Elliot Ave,17,4
Public Rack - Cicero Ave & Altgeld St,17,4
Sacramento Blvd & Polk St,16,52
Public Rack - Cicero Ave & Roscoe St,16,28
Public Rack - Woodlawn Ave & 63rd St N,16,17
Public Rack - Sacramento Ave & Greenleaf Ave,16,12
Public Rack - Laramie Ave & Fullerton Ave,16,9
Lowell Ave & Elston Ave,16,9
Steelworkers Park,16,5
N Narragansett Ave & Grand Ave,16,3
Jonathan Y Scammon Public School,16,1
Halsted St & 18th St (Temp),15,62
Public Rack - Avers Ave & Irving Park Rd,15,54
Public Rack - State ST & 42nd St,15,25
Public Rack - Karlov Ave & Milwaukee Ave,15,12
Public Rack - St Louis Ave & Berteau Ave,15,4
North Ave & New England Ave,14,25
Public Rack - Avondale Ave & Addison St,14,24
Monticello Ave & Belmont Ave,14,24
Spaulding Ave & Evergreen Ave,14,23
Public Rack - California Ave & Devon Ave - NW,14,15
Public Rack - Kostner Ave & Diversey Ave,14,13
Public Rack - Cicero Ave & Wellington Ave,14,10
Public Rack - Woodlawn Ave & 63rd St - SE,14,8
Public Rack - Grand Ave & North Ave,14,7
Kedzie Ave & 63rd St,14,7
Kildare Ave & Division St,14,6
Pulaski Rd & Armitage Ave,14,3
Wood St & 103rd St,14,1
Public Rack - Komensky Ave & 26th St,14,0
Christiana Ave & Archer Ave,13,51
Public Rack - Campbell Ave & Pratt Blvd,13,18
Christiana Ave & Belmont Ave,13,11
Western Ave & 62nd St,13,7
Public Rack - Narragansett Ave & Fullerton Ave,13,6
Milwaukee Ave & Addison St,13,4
Divvy Valet - Oakwood Beach,13,3
Public Rack - Linder Ave & Belmont Ave,13,3
Springfield Ave & 63rd St,13,2
Christiana Ave & 55th St,13,1
Public Rack - Laramie Ave & Warwick Ave,13,1
Public Rack - Austin Ave & Roscoe St,12,28
Hamlin Ave & Fullerton Ave,12,22
Keystone Ave & North Ave,12,13
Spaulding Ave & North Ave,12,13
Public Rack - Central Ave & George St,12,4
Avers Ave & Archer Ave,12,2
Public Rack - Menard Ave & Grand Ave,12,2
Racine Ave & 76th,12,1
Kedzie Ave & Archer Ave,12,1
Public Rack - South Shore Dr & 71st St,12,1
Public Rack - Rockwell & Division,11,21
Martin Luther King Dr & 111th St,11,20
Public Rack - McCormick Blvd & Devon Ave,11,16
Kedzie Ave & 54th St - SW,11,13
Greenwood Ave & Lake Park Ave,11,9
Kedzie Ave & 64th St - SW,11,8
Neva Ave & Grand Ave,11,7
Public Rack - Kimball Ave & Carmen Ave,11,6
Kolin Ave & Archer Ave,11,1
Wood St & 47th St,10,29
Homewood Ave & Monterey Ave,10,24
Cicero Ave & Wrightwood Ave,10,21
Public Rack - Calumet Ave & 51st St,10,14
Prairie Ave & 47th St - midblock,10,9
Laramie Ave & Fullerton Ave,10,3
Western Ave & 92nd Pl,10,2
Torrence Ave  & 106th St,10,1
Public Rack - Hamlin Ave & Chicago Ave,10,1
63rd & Western Ave - north corner,10,1
Kedvale Ave & Avondale Ave,10,1
Public Rack - Zapata Academy,10,0
Western Ave & 111th St - NW,10,0
Eli Whitney Public School,10,0
Albany Ave & 63rd St,9,12
Public Rack - Harold Washington Park,9,10
Western Ave & 28th St,9,9
Public Rack - Lawndale Ave & 63rd St,9,4
Public Rack - Melvina Ave & Belmont Ave,9,4
Western Ave & 100th St,9,1
Public Rack - Central Ave & North Ave,9,1
Rockwell & 111th St,9,0
Pubic Rack - Pulaski Rd & 41st,9,0
Public Rack - Lawndale Ave & 23rd St,9,0
Public Rack - Colfax Ave & 83rd St,9,0
Kenton Ave & Palmer St,8,44
Public Rack - Kostner Ave & North Ave,8,15
Western Ave & 79th St,8,15
Bissell St & Armitage Ave - Charging,8,10
Komensky Ave & 59th St,8,4
Public Rack - Leclaire Ave & Division St,8,2
Karlov Ave & Kamerling Ave,8,2
Pulaski Rd & 41st,8,1
Hamlin Ave & Grand Ave,8,1
Public Rack - Marquette Rd & 67th St,8,0
Western Ave & 118th St,8,0
Western Ave & 106th St - East,8,0
Bell Ave & 95th St,8,0
Strohacker Park,8,0
Lawndale Ave & Diversey Ave,7,30
Public Rack - California Ave & Touhy Ave - NW,7,28
Hamlin Ave & Montrose Ave,7,19
Tripp Ave & 15th St,7,17
Public Rack - California Ave & Devon Ave - NE,7,12
Public Rack - Cicero Ave & North Ave,7,9
Public Rack - Prairie Ave & Garfield Blvd,7,8
Public Rack - Chase Ave & Touhy Ave - NE,7,7
Public Rack - Kedzie Ave & Archer Ave,7,5
Kildare Ave & Chicago Ave,7,4
Hoyne Ave & 110th Pl,7,4
Public Rack - Western Ave & 47th Pl,7,3
Archer Park,7,2
Abbott Park,7,2
Public Rack - Champlain Ave & 65th St,7,2
Cicero Ave & Roscoe St,7,1
Public Rack - 532 E 43rd St,7,1
Western Ave & 111th St - SW,7,1
Sacramento Ave & Greenleaf Ave,7,1
Indiana Ave & 133rd St,7,0
Ada St & 79th St,7,0
Olive Harvey College,6,72
Public Rack - Pulaski Rd & 44th St,6,36
Pulaski Rd & 51st Rd,6,9
Milwaukee Ave & School St,6,7
Mayfield & Roosevelt Rd,6,4
Public Rack - Kedvale Ave & Addison St,6,4
Public Rack - Eberhart Ave & 61st St,6,4
Public Rack - Oketo Ave & Belmont Ave,6,3
Western Ave & 105th St,6,3
Public Rack - Legler Regional Library,6,3
Sacramento Ave & Devon Ave,6,3
Public Rack - Central Park Ave & Ogden Ave,6,2
Public Rack - Ashland Ave & 45th St,6,1
Public Rack - Pulaski Rd & Roosevelt Rd,6,1
St Louis Ave & Berteau Ave,6,1
Central Ave & Corcoran Pl,6,1
Public Rack - Michele Clark Magnet High School,6,1
Public Rack - Ashland Ave & 91st St,6,1
Public Rack - Sawyer Ave & Bryn Mawr Ave - SW,6,1
California Ave & Pershing Rd,6,1
Public Rack - Kenneth Ave & 63rd St E,6,0
Kedzie Ave & Pershing Rd,6,0
Justine St & 87th St,6,0
Public Rack - Kedzie Ave & 61st Pl E,6,0
Mt Greenwood Library - South,6,0
Public Rack - Woodlawn Ave & 63rd St - NE,5,48
Pullman - Walmart,5,16
Woodlawn & 103rd - Olive Harvey Vaccination Site,5,9
Public Rack - Greenwood Ave & Lake Park Ave,5,6
Keystone Ave & Irving Park Rd,5,6
Hiawatha Park,5,4
California Ave & Devon Ave - NW,5,4
Laramie Ave & Grand Ave,5,3
Public Rack - Christiana Ave & Bryn Mawr Ave,5,3
Rockwell Ave & Touhy Ave ,5,3
S Wentworth Ave & W 111th St,5,2
Kostner Ave & North Ave,5,2
Public Rack - Francisco Ave & Touhy Ave,5,1
Kenneth Ave & 63rd St,5,1
N Shore Channel Trail & Argyle Ave,5,1
Public Rack - Stony Island & 87th St,5,1
Lafayette Ave & 119th St,5,0
Throop St & 58th St,5,0
Mackinaw Ave & 106th St,5,0
Homan Ave & 111th St,5,0
Public Rack - Midway Orange Line,5,0
Parkside Ave & Armitage Ave,5,0
Jeffrey Blvd & 71st St,5,0
Public Rack - Homan Ave & 26th St,5,0
Buffalo Ave & 89th St,5,0
Pullman - Ross Dress for Less,5,0
Public Rack - Ashland Ave & 83rd St,5,0
Harvard Ave & 103rd St,5,0
Cicero Ave & Wellington Ave,4,34
Nagle Ave & Belmont Ave,4,26
California Ave & Devon Ave - NE,4,12
Public Rack - Hyde Park Blvd & 55th St,4,11
Public Rack - Normal Ave & 111th St,4,10
532 E 43rd St,4,10
Cottage Grove Ave & 98th St,4,10
Racine Ave & 74th St,4,10
Cottage Grove Ave & 87th St,4,8
Cottage Grove & 86th St,4,7
Public Rack - Exchange Ave & 73rd Pl,4,6
Talman Ave & 51st St - midblock,4,5
Spaulding Ave & Bryn Mawr Ave,4,5
California Ave & Touhy Ave - NW,4,5
Public Rack - Pulaski Rd & Lake St,4,4
Public Rack - Tripp Ave & North Ave,4,4
Yates Blvd & Exchange Ave,4,3
Public Rack - Woodlawn Ave & 63rd St S,4,2
Calumet Ave & Garfield Blvd,4,2
Emerald Ave & 43rd St,4,2
Public Rack - Menard Ave & Belmont Ave,4,2
Public Rack - Latrobe Ave & Lake St,4,2
Commercial Ave & 89th St,4,2
Washtenaw Ave & 63rd St,4,2
Public Rack - Lawndale Ave & Polk St,4,2
Winchester Ave & 87th St,4,1
Kilbourn Ave & Fullerton Ave,4,1
63rd & Western Ave - south corner,4,1
Avenue J & 106th St,4,1
New England Ave & Grace St,4,0
Cicero Ave & North Ave,4,0
Austin Branch Chicago Public Library,4,0
Central Ave & Congress Pkwy,4,0
Public Rack - 10557 S Western Ave,4,0
Public Rack - Eggleston Ave & 115th St,4,0
Kildare Ave & 63rd St,4,0
Public Rack - Kedzie Ave & 61st Pl W,4,0
Harvard Ave & 119th St,4,0
Wallace St & 112 St,4,0
Public Rack - Karlov Ave & 26th St,4,0
State St & 47th st,4,0
Public Rack - Kedzie Ave & 60th St,4,0
Public Rack - Penn Elementary School / KIPP Ascend Middle School,3,28
Wilton Ave & Diversey Pkwy - Charging,3,15
Avers Ave & Irving Park Rd,3,11
Public Rack - King Dr & Oakwood Blvd,3,7
Menard Ave & Dakin St - midblock,3,6
Public Rack - Wood St & 47th St,3,5
Public Rack - Kedzie Ave & Chicago Ave,3,5
Narragansett Ave & Fullerton Ave,3,5
Public Rack - Prairie Ave & 47th St ,3,4
Kimball Ave & Carmen Ave,3,4
Public Rack - Austin Blvd & North Ave,3,4
Austin Ave & Wrightwood Ave,3,4
Harding Ave & 47th St,3,3
DIVVY CASSETTE REPAIR MOBILE STATION,3,3
Damen Ave & 47th St,3,3
Public Rack - Hamlin Ave & Madison St,3,3
Bishop St & 46th St,3,3
Public Rack - Paxton Ave & 79th St,3,2
Public Rack - Kostner Ave & Wrightwood Ave,3,2
Mackinaw Ave & 108th St,3,2
Walden Pkwy & 99th St,3,2
Martin Luther King Dr & 44th St,3,2
Cottage Grove & 85th St,3,2
Ozark Ave & Addison St,3,1
Halsted St & 95th St - SW,3,1
Public Rack - Pulaski & 52nd,3,1
Laflin St & 51st St,3,1
Wentworth Ave & 103rd St,3,1
Kedvale Ave & 63rd St,3,1
McCormick Blvd & Devon Ave,3,1
Public Rack - Kedzie Ave & 58th St,3,1
Public Rack - Western Ave & 110th St,3,1
Cicero Ave & Altgeld St,3,1
Public Rack - Austin Ave & Wellington Ave - midblock,3,1
Trumbull Ave & 111th St,3,0
Public Rack - Keeler Ave & 55th St,3,0
Public Rack - Cornell Ave & 87th Pl,3,0
Western Ave & 104th St - East,3,0
Ashland Ave & 45th St,3,0
Morgan St & 87th St,3,0
Public Rack - Western Ave & 107th Pl,3,0
Michigan Ave & 119th St,3,0
Public Rack - Hiawatha Park,3,0
Public Rack - Kildare Ave & North Ave,3,0
Stewart Ave & 123rd St,3,0
Public Rack - Western Ave & 100th St,3,0
Lafayette Ave & 87th St - SW,3,0
Rutherford Ave & Belmont Ave,3,0
Public Rack - Langley Ave & 49th St,3,0
Public Rack - Pulaski Rd & Grenshaw St,3,0
Public Rack - Kedzie Ave & 64th St - SW,3,0
111th St - Morgan Park Metra,3,0
Ellis Ave & 132nd Pl,3,0
S Michigan Ave & E 118th St,3,0
Cicero Ave & Cortland St - midblock,3,0
Public Rack - Jeffery Blvd & 81st St,3,0
Public Rack - Kedzie Ave & 63rd St,3,0
Public Rack - Langley Ave & Oakwood Blvd,3,0
Pullman Community Center,3,0
Public Rack - Pulaski Rd & 15th St,3,0
Public Rack - La Moyne Ave and Leamington Ave,3,0
Ewing Ave & 112th St,3,0
Pulaski Rd & 40th St,3,0
Cottage Grove Ave & 111th St,2,10
Public Rack - Walden Pkwy & 103rd St,2,9
Langley Ave & 79th St,2,9
Public Rack - Hyde Park Blvd & 53rd St,2,8
Claremont Ave & 71st St,2,7
Cottage Grove Ave & 75th St,2,6
Public Rack - Central Park Ave & Fillmore St,2,5
California Ave & 29th St,2,5
Ashland Ave & 71st St,2,4
Marshfield Ave & 45th St,2,3
Public Rack - Central Ave & Corcoran Pl,2,3
Ashland Ave & 45th St - midblock south,2,3
Waller Ave & Chicago Ave,2,3
Public Rack - Rockwell & 111th St,2,3
Hamlin Ave & Chicago Ave,2,3
Sawyer Ave & Lawrence Ave,2,3
Public Rack - Stewart Ave & 123rd St,2,3
Public Rack - Lafayette Ave & 95th St,2,3
Public Rack - Foster Ave & Drake Ave,2,3
Chappel Ave & 71st St,2,2
Harper Ave & 63rd St,2,2
Ewing Ave & 96th St,2,2
Public Rack - Chase Ave & Touhy Ave - NW,2,2
Public Rack - Peterson Ave & Bernard Ave,2,2
Houston Ave & 91st St,2,2
Public Rack - Harvey Ave & North Ave,2,2
Public Rack - 111th St - Morgan Park Metra,2,2
10101 S Stony Island Ave,2,2
Public Rack - California Ave & Touhy Ave - SW,2,2
Ingleside Ave & 79th St,2,1
Maryland Ave & 87th ST,2,1
Public Rack - Austin Ave & Wellington Ave,2,1
Public Rack - Sawyer Ave & Bryn Mawr Ave - SE,2,1
Public Rack - Kedvale Ave & 26th St,2,1
Halsted St & 64th St,2,1
Public Rack - Laporte Ave & Armitage Ave,2,1
Avenue J & 112th St,2,1
Ewing Ave & 101st St,2,1
Public Rack - N Narragansett Ave & Grand Ave,2,1
Public Rack - Milwaukee Ave & Waveland Ave,2,1
Public Rack - Sawyer Ave & Chicago Ave,2,1
Public Rack - Robert Fulton Elementary School,2,1
Public Rack - Percy Julian HS,2,1
Keeler Ave & Madison St,2,1
Calumet Ave & 103rd St,2,0
Halsted St & 80th St,2,0
Public Rack - Western Ave & 98th St,2,0
Christiana Ave & 111th St,2,0
Public Rack - Wallace St & 119th St,2,0
Pullman - Planet Fitness,2,0
Back of the Yards Park,2,0
Public Rack - Ewing Ave & 96th St N,2,0
Mt Greenwood Library - North,2,0
Public Rack - Garfield Park Conservatory,2,0
Lawrence Ave & 103rd St,2,0
Public Rack - Lamon Ave & Erie St,2,0
Public Rack - Central Park Ave & Fulton Blvd,2,0
Public Rack - Ewing Ave & 107th St,2,0
Public Rack - Keeler Ave & 26th St,2,0
Keeler Ave & 55th St,2,0
California Ave & Ogden Ave,2,0
Cottage Grove Ave & 92nd St,2,0
Public Rack - Lawndale & 63rd St,2,0
Public Rack - Western Ave & 105th St,2,0
Public Rack - Hoyne Ave & 51st St,2,0
Nordica Ave & Addison St,2,0
Oleander Ave & Addison St,2,0
Public Rack - Avers Ave & Archer Ave,2,0
Pittsburgh Ave & Irving Park,2,0
Public Rack - Abbott Park,2,0
Champlain Ave & 134th St,2,0
Public Rack - Marshfield Ave & 45th St,2,0
Public Rack - King Dr & 71st St,2,0
Public Rack - Racine Ave & 74th St,2,0
Mason Ave & Roosevelt Rd,2,0
Public Rack - Kildare Ave & Division Ave,2,0
Public Rack - Pulaski Rd & 51st Rd,2,0
Newland Ave & Diversey Ave,2,0
Grand Ave & North Ave,2,0
Kedzie Ave & 64th St - SE,2,0
Public Rack - Walden Pkwy & 99th St,2,0
Eggleston Ave & 115th St,2,0
Halsted St & 95th St - SE,2,0
Keeler Ave & 26th St,2,0
Princeton Ave & 43rd St,2,0
Martin Luther King Dr & 69th St,2,0
Lake Park Ave & 44th St,2,0
Public Rack - Whipple St & 26th St,2,0
Plainfield Ave & Irving Park Rd,2,0
Public Rack - Lorel Ave & Chicago Ave,2,0
Public Rack - Vincennes Ave & 95th St,2,0
Public Rack - Ashland Ave & 63rd St,2,0
Kimbark Ave & 63rd St,2,0
Halsted St & 41st St,2,0
Public Rack - King Dr & 115th St,1,29
Public Rack - Loomis St & 87th St,1,23
Public Rack - Nagle Ave & Belmont Ave,1,22
Public Rack - Evans Ave & 63rd St,1,19
Public Rack - Kimbark Ave & 67th St,1,15
Public Rack - Fairfield Ave & 63rd St,1,13
Public Rack - Brainerd Park,1,12
Morgan St & 95th St,1,12
Public Rack - Christiana Ave & Archer Ave,1,12
Brandon Ave & 91st St,1,10
Public Rack - Pullman - Walmart,1,9
Laramie Ave & Belmont Ave,1,7
Central Ave & George St,1,7
Public Rack - Kedzie Ave & 54th St - SE,1,6
Public Rack - Hoyne Ave & 110th Pl,1,6
Public Rack - Fullerton Ave & Lavergne Ave,1,6
Forrestville Ave & 47th St,1,5
S Aberdeen St & W 106th St,1,4
Public Rack - Cicero Ave & Le Moyne St - midblock,1,4
Perry Ave & 108th Pl,1,3
Stony Is Ave & 73rd St,1,3
Sawyer Ave & 111th St,1,3
Public Rack - Kedzie Ave & 62nd Pl,1,3
Public Rack - Peterson Ave & Drake Ave,1,3
Menard Ave & Agusta Blvd,1,3
Public Rack - California Ave & Pershing Rd,1,3
McVicker Ave & Grand Ave,1,3
Albany Ave & 111th St - NW,1,2
Public Rack - Roswell B. Mason Elementary School,1,2
Halsted St & 76th St,1,2
Public Rack - Vincennes Ave & 77th St,1,2
Sawyer Ave & Bryn Mawr Ave - SE,1,2
Public Rack - Neva Ave & Grand Ave,1,2
Colfax Ave & 83rd St,1,2
Longwood Dr & 111th St,1,2
Brighton Park Branch Chicago Library,1,2
Public Rack - Michigan Ave & 107th St,1,2
Bennett Ave & 96th St,1,1
Public Rack - McVicker Ave & Grand Ave,1,1
Public Rack - Halsted St & 63rd St,1,1
Public Rack - Kedzie Ave & 54th St - SW,1,1
Public Rack - Kedzie Ave & 54th Pl,1,1
Public Rack - May St & 78th St,1,1
Ashland Ave & 46th St,1,1
Public Rack - Komensky Ave & 63rd St,1,1
Park Manor Elementary School,1,1
Cottage Grove Ave & 91st St,1,1
Public Rack - Western Ave & 107th St,1,1
Public Rack - Western Ave & 118th St,1,1
Michigan Ave & 113th St,1,1
Public Rack - Menard Ave & Agusta Blvd,1,1
Public Rack - Ewing Ave & 106th St,1,1
Emerald Ave & 45th St,1,1
Baltimore Ave & 133rd St,1,1
Melvina Ave & Belmont Ave,1,1
Public Rack - Green St & 103rd St,1,1
Muskegon Ave & 89th St,1,1
Lorel Ave & Chicago Ave,1,1
Menard Ave & Grand Ave,1,1
Ewing Ave & 106th St,1,1
Canty Elementary School,1,1
Public Rack - Pulaski Rd & 40th St,1,1
Public Rack - Division St & Christiana Ave,1,1
Public Rack - Kedzie Ave & Walnut St,1,1
Public Rack - Maplewood Ave & 47th St,1,1
Spaulding Ave & Foster Ave,1,1
Menard Ave & Belmont Ave,1,1
Marshfield Ave & 87th St,1,1
Albany Ave & 103rd St,1,1
Michigan Ave & 110th St,1,1
Public Rack - Kingston Ave & 75th St,1,1
Sacramento Blvd & Washington Blvd,1,1
Public Rack - St Louis Ave & Flournoy St,1,1
Public Rack - Wood St & 103rd St,1,1
Public Rack - Forrestville Ave & 47th St,1,1
Chopin Park,1,0
Public Rack - Kostner Ave & Lake St,1,0
Public Rack - Keef Ave & South Chicago Ave,1,0
Orville T Bright School,1,0
Ada St & 117th St,1,0
Western Ave & 106th St - West,1,0
Austin Ave & Roscoe St,1,0
Public Rack - Champlain Ave & 134th St,1,0
Yale Ave & 119th St,1,0
Kildare Ave & Washignton Blvd,1,0
Green St & 103rd St,1,0
Public Rack - Ada St & 79th St,1,0
Kedzie & 103rd St - West,1,0
Public Rack - Western Ave & 92nd Pl,1,0
Public Rack - Prairie Ave & Garfield Blvd N,1,0
Public Rack - Chappel Ave & 71st St,1,0
Kildare Ave & Division Ave,1,0
Public Rack - Western Ave & 111th St - NW,1,0
Public Rack - Rutherford Ave & Belmont Ave,1,0
Public Rack - Clyde Ave & 87th St,1,0
Legler Regional Library,1,0
Public Rack - Ave L & 105th St,1,0
Hamilton Park,1,0
Public Rack - Oakley Ave & 50th Pl,1,0
Public Rack - Christiana Ave & 111th St,1,0
Public Rack - Piotrowski Park,1,0
Torrence Ave & 98th St,1,0
Honore St & 87th St - SE,1,0
Public Rack - Harding Ave & 47th St,1,0
Public Rack - Kedzie & 103rd St - East,1,0
Public Rack - Pulaski Rd & Polk St,1,0
Vincennes Ave & 87th St,1,0
Homan Ave & 26th St,1,0
Kedzie & 103rd St - East,1,0
Longwood Dr & 95th St,1,0
Public Rack - Waller Ave & Chicago Ave,1,0
Public Rack - Jeffrey Blvd & 71st St,1,0
Public Rack - Damen Ave & 47th St,1,0
James Madison School,1,0
Public Rack - Lotus Ave & Harrison St,1,0
Public Rack - Michigan Ave & 119th St,1,0
Cicero Ave & Le Moyne St - midblock,1,0
Public Rack - Sangamon St & 79th St,1,0
Public Rack - Bishop St & 81st St,1,0
Newcastle Ave & Wellington Ave,1,0
Public Rack - Kedvale Ave & 63rd St,1,0
Piotrowski Park,1,0
Public Rack - Springfield Ave & 63rd St,1,0
Cottage Grove & 84th St,1,0
The Montessori School of Englewood,1,0
Public Rack - Cottage Grove Ave & 89th Pl,1,0
Ewing Ave & Indianapolis Ave,1,0
Public Rack - Western Ave & 79th St,1,0
Menard Ave & Madison St,1,0
Public Rack - Grand Ave & Lawndale Ave,1,0
Christiana Ave & Bryn Mawr Ave,1,0
Public Rack - Homan Ave & 111th St,1,0
Baltimore Ave & 132nd St,1,0
Public Rack - Baltimore Ave & 132nd St,1,0
Public Rack - Mackinaw Ave & 108th St,1,0
Public Rack - Central Park Ave & 16th St,1,0
Public Rack - Emerald Ave & 43rd St,1,0
Newcastle Ave & Belmont Ave,1,0
Public Rack - Talman Ave & Pershing Rd,1,0
Public Rack - Kildare Ave & 63rd St,1,0
May St & 63rd St,1,0
Public Rack - Kildare Ave & Washignton Blvd,1,0
Public Rack - Menard Ave & Madison St,1,0
Parnell Ave & 103rd St,1,0
Public Rack - Cottage Grove & 86th St,1,0
Public Rack - Langley Ave & 87th St,1,0
City Rack - Albany Ave & 103rd St,1,0
Marquette Ave & 83rd St,1,0
Public Rack - Homan Ave & Lake St,1,0
Public Rack - Pulaski Rd & 5th Ave,1,0
Corliss Ave & 133rd St,1,0
Drexel Ave & 87th St,1,0
Avers Ave & Ogden Ave,1,0
Zapata Academy,1,0
Public Rack - Crandon Ave & 80th St,1,0
Avondale Ave & Addison St,1,0
Public Rack - Perry Ave & 108th Pl,1,0
Public Rack - Cottage Grove Ave & 98th St,1,0
King Dr & 83rd St,1,0
Public Rack - Whipple St & 63rd St,1,0
Penn Elementary School / KIPP Ascend Middle School,1,0
Public Rack - Newcastle Ave & Belmont Ave,1,0
Public Rack - Kimbark Ave & 63rd St,1,0
Public Rack - Perry Ave & 111th St,1,0
East End Ave & 75th St,1,0
Public Rack - Ewing Ave & 102nd St,1,0
Laramie Ave & Warwick Ave,1,0
Public Rack - Hamilton Ave & 95th St,1,0
Public Rack - Kedzie Ave & 61st Pl,1,0
Pawel Bialowas - Test- PBSC charging station,1,0
Public Rack - Ewing Ave & 105th St,1,0
Public Rack - Paul Revere Elementary School,1,0
Public Rack - Ewing Ave & 95th St,1,0
Normal Ave & 72nd St,1,0
Paul Revere Elementary School,1,0
Ada St & 119th St,1,0
Laflin St & 79th St,1,0
Public Rack - 53rd St & Indiana Ave,1,0
Parnell Ave & 119th St,1,0
Public Rack - Kedzie & 103rd St - W,1,0
Public Rack - Kedzie Ave & 64th St - SE,1,0
Public Rack - Yates Ave & 100th St,1,0
Public Rack - Racine Ave & 109th Pl,0,59
Loomis St & 87th St,0,21
Public  Rack - Albany Ave & 63rd St,0,9
Public Rack - Saginaw Ave & 93rd St,0,7
Harriet E Sayre Public School,0,5
Public Rack - Kolin Ave & Archer Ave,0,4
Kedzie Ave & Argyle St,0,4
Oglesby Ave & 95th St,0,4
Public Rack - Sacramento Blvd & Division St,0,4
Public Rack - Cottage Grove Ave & 87th St,0,4
Public Rack - Pulaski Rd & 65th St,0,4
Hamilton Ave & 95th St,0,3
NewHastings,0,3
Harvey Ave & North Ave,0,3
Public Rack - Throop St & 109th Pl,0,3
Western Ave & 116th St,0,3
Evans Ave & 63rd St,0,3
Public Rack - Brandon Ave & 91st St,0,2
Public Rack - Martin Luther King Dr & 44th St,0,2
Public Rack - Homan Ave & Roosevelt,0,2
Public Rack - Halsted St & 64th St,0,2
Public Rack - Cottage Grove Ave & 92nd St,0,2
Chase Ave & Touhy Ave - NW,0,2
Public Rack - West Chatham Park,0,2
Austin Ave & Wellington Ave - midblock,0,2
Public Rack - Harriet E Sayre Public School,0,2
Public Rack - Pullman - Planet Fitness,0,2
Morgan St & 103rd St,0,2
Latrobe Ave & Lake St,0,2
Public Rack - Langley Ave & 79th St,0,2
Lafayette Ave & 87th St - NW,0,2
Avenue M & 132nd St,0,2
Public Rack - Lake Park Ave & 47th St,0,2
Public Rack - Laflin St & 51st St,0,2
Public Rack - Ashland Ave & 71st St,0,2
Public Rack - Halsted St & 95th St - SW,0,2
Public Rack - Michigan Ave & 113th St,0,2
Public Rack - Pullman Community Center,0,2
Public Rack - Washington Park Ct & 51st St,0,1
Austin Blvd & North Ave,0,1
Public Rack - Loomis Blvd & 47th St,0,1
Public Rack - Jeffery Blvd & 83rd St,0,1
Halsted St & 94th St,0,1
Ewing Ave & 105th St,0,1
May St & 78th St,0,1
Ashland Ave & 73rd St,0,1
Public Rack - Austin Branch Chicago Public Library,0,1
Bensley Ave & 103rd St,0,1
Langley Ave & 105th Pl,0,1
Public Rack - Independence Blvd & Roosevelt,0,1
Public Rack - Christiana Ave & 55th St,0,1
Public Rack - Buffalo Ave & 89th St,0,1
Wolcott Ave & 61st St,0,1
Public Rack - Maplewood Ave & 63rd St,0,1
Central Ave & North Ave,0,1
Linder Ave & Belmont Ave,0,1
Public Rack - Western Ave & 116th St,0,1
Al Raby School,0,1
Wentworth Ave & 79th St,0,1
Parnell Ave & 98th St,0,1
Public Rack - Longwood Dr & 111th St,0,1
Public Rack - 63rd & Western Ave N,0,1
Public Rack - Mt Greenwood Library N,0,1
Ada St & 95th St,0,1
Public Rack - Wabash Ave & 87th St,0,1
Public Rack - Albany Ave & 111th St - NW,0,1
Public Rack - Burnside Academy,0,1
Public Rack - Stony Island & 95th St,0,1
Buffalo Ave & 133rd St,0,1
Public Rack - Kedvale Ave & 63rd St W,0,1
Menard Ave & Adams Blvd,0,1
Public Rack - 83rd St (Avalon Park) Metra,0,1
Throop St & 109th Pl,0,1
Public Rack - Ewing Ave & 106th St NW,0,1
Public Rack - East End Ave & 75th St,0,1
Public Rack - Laflin St &51st ST,0,1
Hastings WH 2,0,1
Michele Clark Magnet High School,0,1
Public Rack - Racine Ave & 76th,0,1
Damen Ave & 80th St,0,1
Public Rack - East End Ave & 87th St,0,1
Linder Ave & Archer Ave,0,1
Public Rack - Cottage Grove & 85th St,0,1
Ewing Ave & 99th St,0,1
Public Rack - Wentworth Ave & 103rd St,0,1
Public Rack - Nordica Ave & Addison St,0,1
Public Rack - Wentworth Ave & 79th St,0,1
Lawndale Ave & Polk St,0,1
Stony Island Ave & 86th St,0,1
83rd St (Avalon Park) Metra,0,1
Public Rack - Halsted St & 95th St - SE,0,1
Public Rack - Marshfield Ave & 87th St,0,1