start_station_name,casual_user,member_user
Streeter Dr & Grand Ave,54618,15994
DuSable Lake Shore Dr & Monroe St,30436,8894
Millennium Park,23921,8782
Michigan Ave & Oak St,23561,13357
DuSable Lake Shore Dr & North Blvd,21944,15397
Shedd Aquarium,19417,4471
Theater on the Lake,17230,13800
Wells St & Concord Ln,14789,19697
Dusable Harbor,13272,4911
Clark St & Armitage Ave,12712,14015
Indiana Ave & Roosevelt Rd,12687,12688
Clark St & Lincoln Ave,12445,12834
Clark St & Elm St,11943,20520
Montrose Harbor,11572,7275
Wells St & Elm St,11500,17494
Adler Planetarium,10837,4430
Clark St & Newport St,10781,10340
Wabash Ave & Grand Ave,10684,14987
Michigan Ave & 8th St,10674,5847
Broadway & Barry Ave,10559,16090
Michigan Ave & Washington St,10428,12021
Wilton Ave & Belmont Ave,10325,14239
New St & Illinois St,9941,10170
LaSalle St & Illinois St,9823,12058
Clark St & Wrightwood Ave,9538,14280
DuSable Lake Shore Dr & Diversey Pkwy,9537,11101
Larrabee St & Webster Ave,9489,11334
DuSable Lake Shore Dr & Belmont Ave,9347,8898
Lakeview Ave & Fullerton Pkwy,9239,11337
Michigan Ave & Lake St,9172,10993
Sheffield Ave & Waveland Ave,8899,9937
Wells St & Evergreen Ave,8885,10424
McClurg Ct & Ohio St,8824,10054
Wells St & Huron St,8804,15057
Dearborn St & Erie St,8615,15554
Halsted St & Roscoe St,8483,10932
DuSable Lake Shore Dr & Wellington Ave,8345,9734
Clark St & Drummond Pl,8264,12594
Damen Ave & Pierce Ave,8180,10900
Ashland Ave & Division St,8068,13169
Kingsbury St & Kinzie St,8024,23588
Sheffield Ave & Fullerton Ave,7953,13819
Wells St & Hubbard St,7934,14620
Lincoln Ave & Fullerton Ave,7854,10926
St. Clair St & Erie St,7789,15682
Halsted St & Wrightwood Ave,7695,11283
Wabash Ave & Roosevelt Rd,7642,12327
Southport Ave & Roscoe St,7622,10999
Michigan Ave & Jackson Blvd,7498,4769
Fairbanks Ct & Grand Ave,7461,10863
Broadway & Cornelia Ave,7341,12144
Green St & Madison St,7335,13578
Sheffield Ave & Wrightwood Ave,7318,8762
Southport Ave & Waveland Ave,7183,10067
Clark St & Schiller St,7178,11481
Broadway & Waveland Ave,7171,12676
State St & Randolph St,7094,10358
Dearborn Pkwy & Delaware Pl,7028,12856
Lincoln Park Conservatory,6901,4990
Field Museum,6898,1672
Halsted St & Clybourn Ave,6829,12186
Pine Grove Ave & Waveland Ave,6771,11041
Columbus Dr & Randolph St,6702,10792
Clinton St & Madison St,6678,17862
Sheffield Ave & Wellington Ave,6642,9668
Rush St & Cedar St,6612,9141
Clark St & Wellington Ave,6601,9242
Sheffield Ave & Webster Ave,6478,9551
Wabash Ave & Wacker Pl,6390,5335
State St & Chicago Ave,6278,11003
Broadway & Belmont Ave,6246,8904
Wilton Ave & Diversey Pkwy,6239,10215
Sedgwick St & North Ave,6220,8644
Federal St & Polk St,6217,10601
Halsted St & Dickens Ave,6177,9066
Racine Ave & Belmont Ave,6138,6699
Sheridan Rd & Irving Park Rd,6090,10526
Stockton Dr & Wrightwood Ave,6067,8622
Mies van der Rohe Way & Chestnut St,6063,8648
Desplaines St & Kinzie St,5925,13344
Franklin St & Jackson Blvd,5871,9937
Buckingham Fountain,5812,1092
Canal St & Adams St,5793,14898
Clark St & North Ave,5793,6150
Wabash Ave & 9th St,5784,8120
Lakefront Trail & Bryn Mawr Ave,5764,6840
Clark St & Grace St,5724,6689
Kedzie Ave & Milwaukee Ave,5558,5637
Cityfront Plaza Dr & Pioneer Ct,5553,6379
Field Blvd & South Water St,5503,5804
Milwaukee Ave & Grand Ave,5410,8589
State St & Kinzie St,5355,9120
Clark St & Lake St,5311,9148
Rush St & Superior St,5273,9184
McClurg Ct & Erie St,5255,9641
Sedgwick St & Webster Ave,5248,8012
Mies van der Rohe Way & Chicago Ave,5243,8991
Clinton St & Washington Blvd,5242,18549
Michigan Ave & Pearson St,5199,4652
Clark St & Winnemac Ave,5177,8158
California Ave & Milwaukee Ave,5172,5739
Dearborn St & Monroe St,5129,11362
Damen Ave & Cortland St,5111,5712
Wood St & Milwaukee Ave,5109,7821
Pine Grove Ave & Irving Park Rd,5074,8894
Broadway & Sheridan Rd,5073,8710
Southport Ave & Wrightwood Ave,5064,5804
Lincoln Ave & Diversey Pkwy,5035,9222
Franklin St & Chicago Ave,4985,10253
Michigan Ave & Madison St,4979,5106
Franklin St & Illinois St,4932,8474
Kingsbury St & Erie St,4878,11578
University Ave & 57th St,4877,17360
Orleans St & Merchandise Mart Plaza,4839,10496
LaSalle Dr & Huron St,4824,7242
Wentworth Ave & Cermak Rd,4739,4559
Ritchie Ct & Banks St,4723,6947
Burling St & Diversey Pkwy,4693,8840
Sheridan Rd & Montrose Ave,4658,8679
Clinton St & Lake St,4651,12192
Daley Center Plaza,4558,10212
Greenview Ave & Fullerton Ave,4527,7122
Peoria St & Jackson Blvd,4509,11737
Southport Ave & Wellington Ave,4493,7462
Southport Ave & Belmont Ave,4486,6808
Honore St & Division St,4454,5867
Kimbark Ave & 53rd St,4416,9337
Michigan Ave & Ida B Wells Dr,4409,2811
Shore Dr & 55th St,4378,6428
Clark St & Chicago Ave,4363,6848
Burnham Harbor,4340,5637
Stetson Ave & South Water St,4336,7228
Clark St & Randolph St,4330,9724
Milwaukee Ave & Wabansia Ave,4302,6519
Franklin St & Lake St,4281,9877
Ravenswood Ave & Lawrence Ave,4262,9483
Bissell St & Armitage Ave*,4244,6096
Ellis Ave & 60th St,4171,17213
Larrabee St & Kingsbury St,4164,12641
Sheffield Ave & Kingsbury St,4106,8355
Michigan Ave & 14th St,4094,7079
Green St & Randolph St*,4050,4876
Clinton St & Jackson Blvd,4026,13244
Fort Dearborn Dr & 31st St,4012,4089
Lakefront Trail & Wilson Ave,3941,4315
McCormick Place,3941,1678
Dayton St & North Ave,3924,6700
Ogden Ave & Chicago Ave,3898,6616
Western Ave & Winnebago Ave,3896,5157
Clark St & Berwyn Ave,3855,5933
Clarendon Ave & Junior Ter,3853,6982
Larrabee St & Division St,3834,7000
Cannon Dr & Fullerton Ave,3818,2324
Racine Ave & Fullerton Ave,3760,8615
Wabash Ave & Adams St,3750,5373
Sedgwick St & Huron St,3730,8477
Canal St & Madison St,3681,10143
Damen Ave & Chicago Ave,3678,6197
Southport Ave & Clybourn Ave,3668,5910
Clarendon Ave & Gordon Ter,3663,8794
Desplaines St & Randolph St,3662,6858
Rush St & Hubbard St,3544,5589
Franklin St & Monroe St,3539,9955
State St & Harrison St,3524,3731
Clifton Ave & Armitage Ave,3513,6275
Calumet Ave & 18th St,3509,4725
Sheffield Ave & Willow St,3501,7086
Wells St & Polk St,3461,6667
Aberdeen St & Randolph St,3453,6437
Halsted St & Willow St,3404,7507
Carpenter St & Huron St,3397,6553
Michigan Ave & 18th St,3392,5783
Wells St & Walton St,3391,6463
Orleans St & Chestnut St (NEXT Apts),3376,5643
Damen Ave & Division St,3368,5115
Ellis Ave & 55th St,3340,13259
LaSalle St & Jackson Blvd,3339,9287
Morgan St & Lake St,3333,5875
Broadway & Wilson - Truman College Vaccination Site,3322,5186
Larrabee St & Armitage Ave,3299,5210
State St & Van Buren St,3234,5472
Paulina Ave & North Ave,3193,4655
Halsted St & Maxwell St,3154,6686
Aberdeen St & Jackson Blvd,3150,8118
Dearborn St & Adams St,3073,5570
Ashland Ave & Blackhawk St,3067,5841
Clark St & Leland Ave,3064,5547
Eckhart Park,3063,5354
Marine Dr & Ainslie St,3036,3819
900 W Harrison St,3033,8078
Canal St & Monroe St,2973,8518
Wabash Ave & 16th St,2967,5021
Franklin St & Adams St (Temp),2940,6011
Elston Ave & Cortland St,2910,4967
Clinton St & Roosevelt Rd,2892,5084
Canal St & Jackson Blvd,2887,7431
Aberdeen St & Monroe St,2844,6457
Desplaines St & Jackson Blvd,2824,8135
Sangamon St & Washington Blvd,2823,5771
Damen Ave & Thomas St (Augusta Blvd),2821,4727
Western Ave & Walton St,2821,3817
Sheridan Rd & Buena Ave,2819,6010
Broadway & Argyle St,2816,5169
Delano Ct & Roosevelt Rd,2812,3953
Racine Ave & Wrightwood Ave,2802,4627
Loomis St & Lexington St,2788,18112
Cornell Ave & Hyde Park Blvd,2783,4856
Ogden Ave & Race Ave,2766,6124
Walsh Park,2750,4685
Larrabee St & North Ave,2741,3931
Greenview Ave & Diversey Pkwy,2741,3751
Damen Ave & Charleston St,2702,2768
Museum of Science and Industry,2675,1632
LaSalle St & Washington St,2672,5934
Broadway & Granville Ave,2671,3722
California Ave & Cortez St,2665,3018
Ada St & Washington Blvd,2654,4961
Sangamon St & Lake St,2650,4339
Dearborn St & Van Buren St,2627,4136
Orleans St & Hubbard St,2625,5615
Lake Park Ave & 53rd St,2618,3795
Southport Ave & Irving Park Rd,2598,5110
Clark St & Bryn Mawr Ave,2597,4675
Leavitt St & North Ave,2577,3492
Campbell Ave & North Ave,2567,3041
Noble St & Milwaukee Ave,2565,5306
Halsted St & Polk St,2562,11841
Ashland Ave & Grace St,2548,4183
Broadway & Thorndale Ave,2546,3981
Financial Pl & Ida B Wells Dr,2497,5826
Broadway & Berwyn Ave,2489,4961
Ashland Ave & Wrightwood Ave,2482,3428
Clarendon Ave & Leland Ave,2455,4374
Western Ave & Leland Ave,2444,4488
Clark St & Montrose Ave,2424,3770
Fairbanks St & Superior St,2423,5227
Calumet Ave & 21st St,2387,1598
Bissell St & Armitage Ave,2384,4349
Morgan St & Polk St,2381,11952
May St & Taylor St,2379,10084
Winthrop Ave & Lawrence Ave,2366,3576
State St & Pearson St,2360,4906
Canal St & Taylor St,2339,4136
Racine Ave & 18th St,2323,4263
Wacker Dr & Washington St,2298,6311
Seeley Ave & Roscoe St,2281,3299
Woodlawn Ave & 55th St,2271,5797
Lake Park Ave & 56th St,2267,4491
Western Ave & Division St,2264,2550
Humboldt Blvd & Armitage Ave,2263,2363
Sheridan Rd & Lawrence Ave,2256,3950
N Green St & W Lake St,2255,3100
Ashland Ave & Lake St,2249,2784
Jefferson St & Monroe St,2248,5390
Blue Island Ave & 18th St,2244,3278
Wood St & Chicago Ave,2240,4461
Sheridan Rd & Noyes St (NU),2211,2937
Chicago Ave & Sheridan Rd,2203,2088
Broadway & Ridge Ave,2179,4294
Damen Ave & Wellington Ave,2164,2409
Ashland Ave & Grand Ave,2163,3533
Spaulding Ave & Armitage Ave,2160,2054
Lincoln Ave & Roscoe St*,2144,3499
Ashland Ave & Wellington Ave,2141,4248
Morgan St & 18th St,2078,3360
Racine Ave & Randolph St,2056,3167
Leavitt St & Armitage Ave,2054,2852
Logan Blvd & Elston Ave,2053,3239
Clark St & 9th St (AMLI),2031,3693
Lincoln Ave & Belmont Ave (Temp),2018,3105
Clybourn Ave & Division St,2011,4883
Milwaukee Ave & Rockwell St,1980,2179
Ashland Ave & Augusta Blvd,1977,4844
California Ave & Francis Pl (Temp),1973,2158
Clark St & Ida B Wells Dr,1972,4149
Benson Ave & Church St,1944,2684
Wolcott (Ravenswood) Ave & Montrose Ave,1933,2925
Ravenswood Ave & Irving Park Rd,1931,3065
Larrabee St & Oak St,1927,5538
California Ave & North Ave,1910,2564
California Ave & Division St,1905,1908
Leavitt St & Chicago Ave,1873,2534
Morgan St & Lake St*,1868,2805
Lincoln Ave & Sunnyside Ave,1867,3448
Lincoln Ave & Belle Plaine Ave,1836,3400
Sheridan Rd & Loyola Ave,1836,2238
Leavitt St & Belmont Ave,1835,2197
Albany Ave & Bloomingdale Ave,1825,2565
Ashland Ave & Chicago Ave,1817,3961
Larrabee St & Menomonee St,1814,3715
Sedgwick St & Schiller St,1809,2456
Racine Ave & Washington Blvd,1802,3581
Green St & Randolph St,1802,3065
Damen Ave & Grand Ave,1766,3332
LaSalle St & Adams St,1766,2833
Wabash Ave & Cermak Rd,1764,1530
Wood St & Augusta Blvd,1733,3558
Leavitt St & Division St,1701,2616
Damen Ave & Leland Ave,1671,3361
Kedzie Ave & Palmer Ct,1649,2139
Stave St & Armitage Ave,1629,2302
Halsted St & Roosevelt Rd,1627,5728
Paulina St & 18th St,1624,2920
Orleans St & Elm St,1623,3225
Damen Ave & Clybourn Ave,1606,2532
MLK Jr Dr & 29th St,1576,6643
Damen Ave & Melrose Ave,1566,1942
Loomis St & Jackson Blvd,1559,4394
Ellis Ave & 58th St,1553,7164
Lincoln Ave & Addison St,1548,1802
Damen Ave & Foster Ave,1530,2424
Lincoln Ave & Waveland Ave,1528,2653
Blackstone Ave & Hyde Park Blvd,1516,2508
Throop St & Taylor St,1510,5889
Wood St & Hubbard St,1505,2652
California Ave & Fletcher St,1504,1329
Buckingham Fountain (Temp),1471,753
Elizabeth (May) St & Fulton St,1418,3129
Campbell Ave & Fullerton Ave,1415,1570
Racine Ave & Congress Pkwy,1407,5759
Central Park Ave & Bloomingdale Ave,1388,1394
Paulina St & Montrose Ave,1379,2332
Paulina St & Flournoy St,1378,7363
Glenwood Ave & Morse Ave,1357,2529
Ashland Ave & Belle Plaine Ave,1346,1655
Green St & Washington Blvd,1344,1785
California Ave & Altgeld St,1341,1898
Troy St & North Ave,1341,1508
Damen Ave & Madison St,1315,1542
State St & 33rd St,1308,11377
Elston Ave & Wabansia Ave,1284,1793
Ellis Ave & 53rd St,1271,4010
Wells St & 19th St,1258,923
St. Louis Ave & Fullerton Ave,1227,1689
Wolcott Ave & Polk St,1223,8890
Sheridan Rd & Argyle St,1216,1647
Southport Ave & Clark St,1209,1875
Winchester Ave & Elston Ave,1203,2142
Chicago Ave & Washington St,1203,1729
Halsted St & 18th St,1196,2279
Damen Ave & Sunnyside Ave,1195,2295
State St & 19th St,1193,1396
University Library (NU),1188,1570
Racine Ave & 15th St,1186,1852
Damen Ave & Walnut (Lake) St,1178,1647
Emerald Ave & 31st St,1177,4906
Lake Park Ave & 35th St,1175,1227
Central Park Ave & Elbridge Ave,1164,1267
Talman Ave & Addison St,1160,1858
Clinton St & Tilden St,1159,2838
Sheridan Rd & Columbia Ave,1154,1983
Morgan Ave & 14th Pl,1150,3410
Leavitt St & Addison St,1145,1718
Clinton St & 18th St,1143,1898
Milwaukee Ave & Fullerton Ave,1131,995
Claremont Ave & Hirsch St,1124,1632
Lincoln Ave & Roscoe St,1115,2437
Clark St & Elmdale Ave,1103,2167
California Ave & Montrose Ave,1103,1889
Ravenswood Ave & Berteau Ave,1099,2614
Lake Park Ave & 47th St,1093,1189
Richmond St & Diversey Ave,1083,1515
Western Ave & Roscoe St,1077,2119
Laflin St & Cullerton St,1073,1655
Damen Ave & Cullerton St,1060,1533
Greenview Ave & Jarvis Ave,1055,2159
Clark St & Lunt Ave,1041,1698
Rhodes Ave & 32nd St,1018,3528
Kimball Ave & Belmont Ave,1013,1069
Kosciuszko Park,992,1142
Halsted St & Archer Ave,990,1364
W Oakdale Ave & N Broadway,987,1137
Wilton Ave & Diversey Pkwy*,971,1312
Racine Ave & Fullerton Ave (Temp),970,2182
Clark St & Schreiber Ave,967,1968
Harper Ave & 59th St,966,3898
May St & Cullerton St,957,1570
Lincoln Ave & Belmont Ave,955,2241
Morgan St & 31st St,951,2271
Damen Ave & Wabansia Ave,948,1199
Canal St & Harrison St,945,2177
Hampden Ct & Diversey Ave,944,1556
California Ave & Byron St,936,1265
Artesian Ave & Hubbard St,923,2336
Wentworth Ave & 35th St,921,966
Lincoln Ave & Winona St,908,1351
Leavitt St & Lawrence Ave,903,1810
Spaulding Ave & Division St,901,1335
Oakley Ave & Irving Park Rd,889,1386
Washtenaw Ave & Lawrence Ave,881,1768
Sheridan Rd & Greenleaf Ave,881,1090
Avers Ave & Belmont Ave,878,978
Calumet Ave & 33rd St,876,6250
Western Ave & Congress Pkwy,862,2795
Rockwell St & Eastwood Ave,859,2103
State St & 35th St,848,3616
Wentworth Ave & 24th St (Temp),847,1131
Hermitage Ave & Polk St,831,4321
Halsted St & 35th St,826,1608
Western Ave & Fillmore St,807,4516
Hoyne Ave & Balmoral Ave,807,1284
Troy St & Elston Ave,800,1124
Ogden Ave & Congress Pkwy,795,2231
Paulina St & Howard St,788,1447
Wood St & Taylor St (Temp),772,5019
Halsted St & 21st St,768,1077
Greenwood Ave & 47th St,762,1125
Indiana Ave & 26th St,749,1620
Winchester (Ravenswood) Ave & Balmoral Ave,748,1214
Wentworth Ave & 33rd St,746,2140
Campbell Ave & Montrose Ave,724,2112
W Armitage Ave & N Sheffield Ave,714,1060
Avondale Ave & Irving Park Rd,714,780
Clark St & Columbia Ave,708,1480
Halsted St & North Branch St,700,1199
Indiana Ave & 31st St,689,2919
Christiana Ave & Lawrence Ave,684,990
Cherry Ave & Blackhawk St,677,1277
Prairie Ave & Garfield Blvd,675,837
Francisco Ave & Foster Ave,670,1402
Monticello Ave & Irving Park Rd,661,649
Smith Park,642,1161
Cottage Grove Ave & 51st St,642,726
Malcolm X College Vaccination Site,640,841
Western Ave & Monroe St,628,1374
Glenwood Ave & Touhy Ave,620,1401
Albany Ave & Montrose Ave,619,1162
Cottage Grove Ave & Oakwood Blvd,616,361
Wallace St & 35th St,612,1212
Central Park Ave & North Ave,604,513
Eastlake Ter & Rogers Ave,602,1231
N Carpenter St & W Lake St,598,1379
Rockwell St & Fletcher St,583,541
Kedzie Ave & Leland Ave,578,802
Shields Ave & 31st St,560,3299
Evanston Civic Center,555,672
South Shore Dr & 71st St,541,770
Drake Ave & Addison St,540,665
Cottage Grove Ave & 47th St,533,812
MLK Jr Dr & Pershing Rd,527,508
N Sheffield Ave & W Wellington Ave,525,652
Ashland Ave & 13th St,522,2638
Emerald Ave & 28th St,519,2097
Manor Ave & Leland Ave,515,1217
Western Ave & 21st St,514,753
Kedzie Ave & Foster Ave,511,535
South Shore Dr & 67th St,511,498
Keystone Ave & Fullerton Ave,499,451
Loomis St & Archer Ave,498,747
Ogden Ave & Roosevelt Rd,495,1248
Cottage Grove Ave & 63rd St,483,584
California Ave & Lake St,482,354
Broadway & Wilson Ave,479,1049
Western Ave & Lunt Ave,478,832
Central St Metra,477,560
Ashland Ave & Archer Ave,475,681
Drake Ave & Montrose Ave,474,861
Western Ave & Granville Ave,472,630
Warren Park West,467,555
Calumet Ave & 35th St,461,1787
Bernard St & Elston Ave,460,1059
63rd St Beach,460,346
Dorchester Ave & 49th St,459,624
Woodlawn Ave & Lake Park Ave,445,817
Clinton St & Polk St,441,631
Elston Ave & George St,441,530
Calumet Ave & 51st St,440,510
Shields Ave & 28th Pl,435,2105
Wood St & Webster Ave,431,505
Dorchester Ave & 63rd St,426,273
DuSable Museum,415,577
California Ave & 21st St,414,663
Conservatory Dr & Lake St,413,289
Central St & Girard Ave,412,587
Central Park Ave & Ogden Ave,410,260
Knox Ave & Montrose Ave,409,551
Prairie Ave & 43rd St,408,323
Washtenaw Ave & Ogden Ave,402,501
Elmwood Ave & Austin St,401,589
Leavitt St & Archer Ave,396,368
Sawyer Ave & Irving Park Rd,394,410
Cottage Grove Ave & 43rd St,391,741
Base - 2132 W Hubbard,389,432
Burnham Greenway & 112th St,382,99
Budlong Woods Library,377,530
Keystone Ave & Montrose Ave,377,475
Western Ave & Howard St,372,646
Kedzie Ave & Bryn Mawr Ave,372,514
Dodge Ave & Church St,367,556
Jeffery Blvd & 67th St,367,132
Pulaski Rd & Eddy St (Temp),365,224
State St & 95th St,365,164
Kedzie Ave & 48th Pl,365,154
Racine Ave & 35th St,356,717
Troy St & Grace St,354,304
Francisco Ave & Montrose Ave,353,444
Valli Produce - Evanston Plaza,353,411
Racine Ave & 13th St,348,567
Western Ave & Grace St,344,417
2112 W Peterson Ave,336,450
Kedzie Ave & Lake St,333,422
Kildare Ave & Montrose Ave,329,461
Sacramento Blvd & Addison St,325,175
Warren Park East,324,643
Clark St & Touhy Ave,319,665
N Southport Ave & W Newport Ave,319,424
Princeton Ave & 47th St,318,304
State St & 79th St,312,166
Long & Irving Park,308,204
State St & 29th St,304,796
Normal Ave & Archer Ave,304,759
Wentworth Ave & 63rd St,300,114
Ridge Blvd & Howard St,299,525
Narragansett & Wrightwood,299,162
Clark St & Jarvis Ave,297,865
Stony Island Ave & 67th St,295,112
St. Louis Ave & Balmoral Ave,293,463
MLK Jr Dr & 47th St,292,253
Maplewood Ave & Peterson Ave,291,281
Wood St & 35th St,290,520
N Shore Channel Trail & Argyle St,290,262
Ridge Blvd & Touhy Ave,289,365
Stony Island Ave & 64th St,283,158
N Paulina St & Lincoln Ave,282,343
Pulaski Rd & 51st St,280,258
Damen Ave & Coulter St,279,392
Kedzie Ave & George St,277,429
Western Ave & 24th St,272,578
MLK Jr Dr & 63rd St,270,153
Stony Island Ave & 71st St,268,83
Bosworth Ave & Howard St,267,609
Kedzie Ave & Chicago Ave,259,421
Milwaukee Ave & Cuyler Ave,258,318
Wolcott Ave & Fargo Ave,258,202
Western Ave & Gunnison St,255,273
Harlem & Irving Park,254,96
Elizabeth St & Fulton St,250,755
Francisco Ave & Bloomingdale Ave,248,399
Austin Blvd & Lake St,243,134
Indiana Ave & 40th St,240,126
Western Blvd & 48th Pl,240,81
W Washington Blvd & N Peoria St,232,411
Elston Ave & Henderson St,232,248
Kedzie Ave & 21st St,231,147
Fairfield Ave & Roosevelt Rd,229,258
Dodge Ave & Main St,229,244
MLK Jr Dr & 56th St,229,181
Oakley Ave & Touhy Ave,228,277
Lincoln Ave & Balmoral Ave,226,223
Halsted St & 37th St,220,245
Western Ave & Berteau Ave,213,168
Wabash Ave & 87th St,211,182
Calumet Park,211,70
South Shore Dr & 74th St,207,224
Cottage Grove Ave & 67th St,207,147
Halsted St & 47th Pl,205,248
Princeton Ave & Garfield Blvd,201,177
Archer (Damen) Ave & 37th St,199,249
California Ave & 23rd Pl,198,499
Kilbourn Ave & Irving Park Rd,198,246
Hoyne Ave & 47th St,198,68
Millard Ave & 26th St,197,170
Union Ave & Root St,195,142
Eberhart Ave & 61st St,193,150
Washtenaw Ave & Polk St,192,241
Kedzie Ave & Roosevelt Rd,190,68
Jeffery Blvd & 71st St,188,183
Whipple/Irving Park,187,152
Halsted & 63rd - Kennedy-King Vaccination Site,187,85
Kedzie Ave & 57th St,186,102
Cottage Grove Ave & 71st St,184,68
Lincolnwood Dr & Central St,183,355
Big Marsh Park,183,56
Western Ave & 111th St,183,54
Lawler Ave & 50th St,181,76
Damen Ave & Pershing Rd,179,210
Dodge Ave & Mulford St,177,195
Phillips Ave & 79th St,174,114
Albany Ave & Belmont Ave,171,168
Albany Ave & 26th St,169,84
Stony Island Ave & 75th St,168,181
Western Ave & 104th St,166,45
Kilbourn & Roscoe,157,85
Kilbourn Ave & Milwaukee Ave,156,138
Vernon Ave & 79th St,156,43
Central Park Ave & 24th St,155,129
Austin Blvd & Madison St,154,126
Perry Ave & 69th St,154,69
Rockwell St & Cermak Rd,153,355
Damen Ave & 59th St,152,22
Commercial Ave & 130th St,152,16
Lamon Ave & Belmont Ave,150,98
Walden Pkwy & 100th St,148,54
Lavergne & Fullerton,147,61
Burnham Greenway & 105th St,143,50
Campbell Ave & Irving Park Rd,141,152
Marshfield Ave & 44th St,141,130
Yates Blvd & 75th St,141,94
Base - 2132 W Hubbard Warehouse,139,115
Rockwell St & Archer Ave,137,80
Kilpatrick Ave & Parker Ave,135,156
Public Rack - Milwaukee Ave & Diversey Ave,133,155
Sayre & Diversey,131,71
Ashland Ave & McDowell Ave,130,228
Kedzie Ave & 24th St,130,111
Ping Tom Park (East),129,134
Central Ave & Lake St,127,47
Lincoln Ave & Peterson Ave,126,156
Cicero Ave & Lake St,126,17
Narragansett & Irving Park,124,177
Austin Blvd & Chicago Ave,124,114
Racine Ave & Garfield Blvd,124,59
Lawndale Ave & 111th St,124,22
N Damen Ave & W Chicago Ave,123,250
Prospect Sq & 91st St,123,42
Rainbow Beach,122,89
Commercial Ave & 83rd St,121,56
California Ave & Winona St,120,270
Pulaski Rd & 21st St,120,87
Seeley Ave & Garfield Blvd,120,9
Cottage Grove Ave & 83rd St,119,141
Lawndale Ave & 30th St,119,35
Central Ave & Chicago Ave,118,243
Kostner Ave & Wrightwood Ave,117,71
Chicago State University,115,216
Indiana Ave & 103rd St,114,27
Malcolm X College,113,227
Sacramento Blvd & Franklin Blvd,113,204
Ashland Ave & Pershing Rd,111,136
Halsted St & 78th St,111,42
Kenosha & Wellington,110,106
State St & 54th St,110,100
Dauphin Ave & 87th St,109,55
Houston Ave & 92nd St,109,48
Eggleston Ave & 69th St,109,22
Lockwood Ave & Wrightwood Ave,106,214
Hale Ave & 107th St,106,42
Harding Ave & 26th St,105,73
Shields Ave & 43rd St,105,73
Narragansett Ave & School St,105,69
Stony Island Ave & 90th St,105,22
Halsted St & 51st St,103,179
Kedzie Ave & Harrison St,102,52
Stewart Ave & 63rd St,102,36
Francisco Ave & 47th St,100,22
Stewart Ave & 83rd St,98,54
Laramie Ave & Kinzie St,98,53
W 103rd St & S Avers Ave,98,13
Central Park Blvd & 5th Ave,94,60
Ashland Ave & 63rd St,94,51
Exchange Ave & 79th St,93,169
Central Ave & Roscoe St,93,133
Sacramento Ave & Pershing Rd,92,54
Baltimore Ave & 87th St,92,36
Halsted St & 96th St,91,131
Central Park Ave & Ohio St,91,60
Avenue O & 118th St,91,25
Lamon Ave & Armitage Ave,91,20
California Ave & 26th St,90,294
Kilbourn & Belden,90,32
Pulaski Rd & Congress Pkwy,90,32
Kilpatrick Ave & Grand Ave,89,55
Damen Ave & 51st St,89,20
Public Rack - California Ave & Cortez St,88,67
Public Rack - Christiana Ave & Belmont Ave,88,59
Orange & Addison,88,51
Kedzie Ave & 45th St,86,29
Komensky Ave & 31st St,85,126
Vernon Ave & 75th St,85,71
Elizabeth St & 92nd St,85,64
Ellis Ave & 83rd St,85,39
Rockwell St & 57th St,85,22
St Louis Ave & Norman Bobbins Ave,84,15
Public Rack - Hamlin Ave & Fullerton Ave,83,118
Pulaski Rd & Lake St,83,29
MTV Hubbard St,82,247
Latrobe Ave & Chicago Ave,82,48
Central Ave & Harrison St,82,19
Vernon Ave & 107th St,82,17
Laramie Ave & Madison St,81,63
Marquette Ave & 89th St,81,38
St Louis Ave & 59th St,81,36
Torrence Ave & 106th St,81,25
Maryland Ave & 104th St,80,123
Morgan St & Pershing Rd,80,75
Loomis St & 89th St,80,25
Hegewisch Metra Station,80,23
Cottage Grove Ave & 78th St,79,52
Kedzie Ave & 52nd St,79,43
Clyde Ave & 87th St,79,26
Oak Park & Wellington,79,26
Western & 28th - Velasquez Institute Vaccination Site,78,107
Mulligan Ave & Wellington Ave,78,91
Ashland Ave & Garfield Blvd,77,26
Cicero Ave & Quincy St,77,18
Doty Ave & 111th St,77,15
Western Ave & Ardmore Ave,76,59
Public Rack - Pulaski Rd & Armitage Ave,76,49
Eberhart Ave & 91st St,75,33
Fullerton & Monitor,74,50
Shabbona Park,74,11
Cottage Grove Ave & 111th Pl,73,91
Pulaski & Ann Lurie Pl,73,57
Jeffery Blvd & 76th St,73,49
Cornell Dr & Hayes Dr,73,44
Halsted St & 56th St,73,33
Tripp Ave & 65th St,73,18
Kenneth Ave & 50th St,73,15
State St & Pershing Rd,72,130
Long Ave & Belmont Ave,72,79
Phillips Ave & 83rd St,72,50
Stony Island Ave & South Chicago Ave,72,34
Major Taylor Trail & 124th St,72,18
Stony Island Ave & 82nd St,71,94
Albany Ave & 16th St,71,51
Washtenaw Ave & Superior St,70,53
Hamlin Ave & 62nd Pl,70,34
Cicero Ave & Grace St,70,21
Artesian Ave & 55th St,70,14
Central Ave & Madison St,69,118
Archer Ave & 43rd St,69,58
State St & 123rd St,69,0
Constance Ave & 95th St,68,32
Kedzie Ave & 110th St,68,29
Greenwood Ave & 91st St,68,7
DuSable Lake Shore Dr & Ohio St,67,170
Wells St & Institute Pl,67,121
Vincennes Ave & 75th St,67,13
Kostner Ave & Armitage Ave,66,71
Washtenaw Ave & Peterson Ave,66,52
California & 16th St,66,44
Major Taylor Trail & 115th St,66,33
Bennett Ave & 79th St,66,10
Homan Ave & 65th St,66,9
Public Rack - Lowell Ave & Elston Ave,65,61
Homewood Ave & 115th St,64,59
Public Rack - Monticello Ave & Belmont Ave,64,36
Greenwood Ave & 79th St,64,19
Halsted St & 73rd St,63,81
Meade Ave & Diversey Ave,63,34
Avenue O & 134th St,62,21
State St & 76th St,62,19
Ashland Ave & 74th St,62,19
Karlov Ave & Madison St,61,33
Torrence Ave & 126th Pl,61,6
Evans Ave & 75th St,60,135
Public Rack - Lawndale Ave & Diversey Ave,60,114
Public Rack - Spaulding Ave & North Ave,60,89
Komensky Ave & 55th St,60,70
Dauphin Ave & 103rd St,60,31
Midway Orange Line,60,28
Virginia Ave & Catalpa Ave,59,74
Ashland Ave & 50th St,59,51
Michigan Ave & 71st St,59,19
Kostner Ave & Lake St,59,12
Long Ave & Belden Ave,58,83
Pulaski Rd & 60th St,57,6
Maplewood Ave & 59th St,57,3
Eastlake Ter & Howard St,56,124
Washtenaw Ave & Madison St,56,53
Public Rack - Milwaukee Ave & Haussen Ct,56,48
Altgeld Gardens,56,4
Public Rack - Spaulding Ave & Evergreen Ave,55,101
Kildare Ave & 47th St,55,44
Central Ave & Parker Ave,55,43
Kenton Ave & Madison St,55,28
La Villita Park (Albany/30th),55,10
Halsted St & 104th St,54,45
Fairfield Ave & 44th St,54,19
Ewing Ave & Burnham Greenway,53,41
Halsted St & 111th St,53,29
South Chicago Ave & 83rd St,53,18
Ashland Ave & 78th St,53,14
Mason Ave & Belmont Ave,53,10
MLK Jr Dr & 83rd St,52,99
N Clark St & W Elm St,52,85
Loomis Blvd & 84th St,52,56
Throop St & 52nd St,52,37
Kostner Ave & 63rd St,52,14
Racine Ave & 109th Pl,52,11
Vincennes Ave & 104th St,51,41
Eggleston Ave & 92nd St,51,2
Richmond St & Lincoln Ave,50,52
Halsted St & 69th St,50,26
Racine Ave & 65th St,50,5
California Ave & Marquette Rd,49,29
Green St & Madison Ave*,48,164
East End Ave & 87th St,48,58
Campbell Ave & 51st St,48,7
Eberhart Ave & 131st St,48,6
Cicero Ave & Flournoy St,47,28
Public Rack - Washtenaw Ave & Devon Ave,46,90
Public Rack - Cicero Ave & Wrightwood Ave,46,90
Elizabeth St & 47th St,46,59
Public Rack - Mozart Elementary School,46,38
Western Ave & Lake St,46,34
California Ave & 36th St,46,6
Kostner Ave & Adams St,45,174
Damen Ave & 33rd St,45,20
Monticello Ave & Chicago Ave,44,52
Oglesby Ave & 100th St,44,41
Hoyne Ave & 34th St,44,28
Halsted St & 59th St,44,18
Oketo Ave & Addison St,43,11
Racine Ave & 61st St,43,9
Hyde Park Blvd & 55th St,42,55
Greenwood Ave & 97th St,42,50
Robert Fulton Elementary School,42,1
Public Rack - Kedzie Ave & Argyle St,41,67
Central Park Ave & Douglas Blvd,41,31
Spaulding Ave & 63rd St,41,23
Rhodes Ave & 71st St,41,13
May St & 69th St,40,145
Meade Ave & Addison St,40,31
Commercial Ave & 100th St,40,19
Laramie Ave & Gladys Ave,39,18
Francisco Ave & Hollywood Ave,38,21
Harlem Ave & Grace St,37,18
Woodlawn Ave & 75th St,37,18
Public Rack - Kostner Ave & Armitage Ave,36,69
Kedzie Ave & 104th St,36,2
Public Rack - Milwaukee Ave & School St,35,40
Nordica & Medill,35,34
Bradley Park,35,11
Public Rack - Hamlin Ave & Montrose Ave,34,64
Public Rack - Jonathan Y Scammon Public School,34,14
Michigan Ave & 114th St,34,10
Western Blvd & 49th St,33,26
Narragansett & McLean,33,19
Mozart Elementary School,33,17
Ada St & 113th St,33,8
Hyde Park Blvd & 53rd St,32,31
Wabash Ave & 83rd St,32,27
Richmond St & 59th St,32,19
Public Rack - Sacramento Ave & Devon Ave,32,14
Whipple St & Roosevelt Rd,32,6
Central Park & Augusta Blvd,31,47
Milwaukee Ave & Diversey Ave,31,32
Tripp Ave & 31st St,31,24
Public Rack - Karlov Ave & Kamerling Ave,31,24
Kildare Ave & 26th St,31,7
Public Rack - Hamlin Ave & Grand Ave,31,7
Public Rack - Rockwell Ave & Touhy Ave ,30,29
Kildare & Cermak,30,28
Elizabeth St & 59th St,30,13
Leamington Ave & Hirsch St,30,4
Public Rack - Eli Whitney Public School,30,4
Summit Ave & 86th St,29,90
Public Rack - Western Ave & Jarvis Ave,29,39
Kildare Ave & 55th St,29,13
Roscoe & Harlem,29,12
Wentworth Ave & 104th St,29,8
Avenue L & 114th St,29,3
Keeler Ave & Roosevelt Rd,29,3
Lavergne Ave & 46th St,29,1
Public Rack - Keystone Ave & North Ave,27,53
Public Rack - Lockwood Ave & Diversey Ave,27,50
Yates Blvd & 93rd St,27,41
Springfield Ave & 47th St,27,41
Public Rack - Keystone Ave & Irving Park Rd,27,29
Public Rack - Western Ave & Devon Ave,27,23
Public Rack - Milwaukee Ave & Addison St,27,20
Sacramento Ave & 25th St,27,19
Lafayette Ave & 95th St,27,10
Public Rack - Kilbourn Ave & Fullerton Ave,27,3
Bloomingdale Ave & Harlem Ave,26,21
Marshfield Ave & 59th St,26,20
Calumet Ave & 71st St,25,17
Kimbark Ave & 67th St,25,16
Lawndale Ave & 16th St,25,12
Sacramento Blvd & Fulton Ave,24,58
Spaulding Ave & 16th St,24,39
Lamon Ave & Chicago Ave,24,22
Carpenter St & 63rd St,24,12
Plainfield & Irving Park,24,12
Albany Ave & Douglas Blvd,24,8
Troy Ave & 27th St,24,5
Loomis St & Lexington St*,23,226
Mozart St & Jackson Blvd,23,28
Harold Washington Park,23,24
Long Ave & North Ave,23,9
Major Ave & Bloomingdale Ave,23,9
Public Rack - California Ave & Ogden Ave,23,8
Kedzie Ave & 61st Pl,23,7
Campbell Ave & Montrose Ave (Temp),22,99
Public Rack - Kenton Ave & Palmer St,22,52
Woodlawn & 103rd - Olive Harvey Vaccination Site,22,15
Augusta Blvd & Laramie Ave,22,13
Rockwell St & 63rd St,22,10
Public Rack - Lake Shore Dr & Hayes Dr,22,9
Kedzie Ave & 54th St - SE,22,5
Halsted St & 63rd St,21,21
Pulaski Rd & Fullerton Ave,21,12
Public Rack - Lorel Ave & Grand Ave,21,5
Public Rack - Washtenaw Ave & Superior St,20,44
NewHastings,20,23
Walden Pkwy & 103rd St,20,7
Lavergne Ave & Division St,20,6
South Chicago Ave & Elliot Ave,20,5
Homan Ave & Fillmore St,19,37
Hamlin Ave & Fullerton Ave,19,23
Newcastle Ave & Belden Ave,19,17
Marquette Ave & 79th St,19,2
Menard Ave & Division St,19,2
Christiana Ave & Archer Ave,18,32
Ashland Ave & 66th St,18,25
Western Ave & Jarvis Ave,18,25
Public Rack - Christiana Ave & Lawrence Ave,18,18
Public Rack - Pulaski Rd & Fullerton Ave,18,14
Damen Ave & 74th St,18,10
Troy St & Jackson Blvd,18,4
Public Rack - Woodlawn Ave & 63rd St - NE,17,56
Public Rack - State ST & 42nd St,17,22
Public Rack - California Ave & Touhy Ave - NW,17,15
Public Rack - Laramie Ave & Belmont Ave,17,11
Public Rack - Sacramento Ave & Greenleaf Ave,17,10
Public Rack - Western Blvd & 49th St,17,3
Public Rack - Avers Ave & Irving Park Rd,16,36
Public Rack - Rockwell & Division,16,27
Public Rack - Woodlawn Ave & 63rd St N,16,24
Monticello Ave & Belmont Ave,16,14
Public Rack - Menard Ave & Dakin St - midblock,16,5
Public Rack - Laramie Ave & Grand Ave,16,1
Avers Ave & Archer Ave,16,1
Hamlin Ave & Montrose Ave,15,25
Homewood Ave & Monterey Ave,15,18
Wood St & 47th St,15,16
Lawndale Ave & Diversey Ave,15,15
Public Rack - McCormick Blvd & Devon Ave,15,13
Public Rack - Laramie Ave & Fullerton Ave,15,10
Pulaski Rd & Armitage Ave,15,4
Steelworkers Park,15,3
Martin Luther King Dr & 111th St,14,33
Public Rack - Sawyer Ave & Lawrence Ave,14,24
Milwaukee Ave & Haussen Ct,14,14
Public Rack - Drake Ave & Leland Ave,14,14
Public Rack - Kedvale Ave & Avondale Ave,14,8
Public Rack - Cicero Ave & Cortland St - midblock,14,5
Kildare Ave & Division St,14,3
Jonathan Y Scammon Public School,14,3
Public Rack - Cicero Ave & Roscoe St,13,29
Public Rack - Harold Washington Park,13,29
Public Rack - Avondale Ave & Addison St,13,18
Public Rack - California Ave & Devon Ave - NW,13,14
Western Ave & 62nd St,13,12
Public Rack - Karlov Ave & Milwaukee Ave,13,11
North Ave & New England Ave,13,10
Public Rack - Kimball Ave & Carmen Ave,13,6
Public Rack - Western Ave & 96th St,13,5
Menard Ave & North Ave,13,2
Halsted St & 18th St (Temp),12,81
Kenton Ave & Palmer St,12,55
Olive Harvey College,12,52
Public Rack - Chopin Park,12,21
Public Rack - Austin Ave & Roscoe St,12,20
Public Rack - Spaulding Ave & Bryn Mawr Ave,12,12
Public Rack - Kildare Ave & Division St,12,12
Public Rack - St Louis Ave & Berteau Ave,12,11
Lowell Ave & Elston Ave,12,6
Public Rack - Avers Ave & Ogden Ave,12,4
Public Rack - Cicero Ave & Altgeld St,12,4
Parkside Ave & Armitage Ave,12,3
Public Rack - South Shore Dr & 71st St,12,1
Pulaski Rd & 44th St,11,104
Public Rack - Jensen Park,11,51
Sacramento Blvd & Polk St,11,35
Spaulding Ave & Evergreen Ave,11,24
Pulaski Rd & 51st Rd,11,23
Public Rack - Spaulding Ave & Foster Ave,11,12
Kildare Ave & Chicago Ave,11,7
Kedzie Ave & 58th St,11,5
Public Rack - Cicero Ave & North Ave,11,5
N Narragansett Ave & Grand Ave,11,2
Public Rack - Kedvale Ave & Addison St,11,2
Western Ave & 92nd Pl,11,2
Public Rack - Leclaire Ave & Division St,11,1
Bell Ave & 95th St,11,0
Public Rack - Kostner Ave & North Ave,10,12
Public Rack - Grand Ave & North Ave,10,10
Kolin Ave & Archer Ave,10,4
Public Rack - Melvina Ave & Belmont Ave,10,4
Komensky Ave & 59th St,10,3
Wood St & 103rd St,10,2
Albany Ave & 63rd St,10,2
Public Rack - Campbell Ave & Pratt Blvd,9,17
Tripp Ave & 15th St,9,14
Public Rack - Kostner Ave & Diversey Ave,9,13
Public Rack - Fullerton Ave & Narragansett Ave,9,13
Christiana Ave & Belmont Ave,9,12
Prairie Ave & 47th St - midblock,9,10
Western Ave & 28th St,9,8
Kedzie Ave & 54th St - SW,9,8
Public Rack - Cicero Ave & Wellington Ave,9,7
Public Rack - Komensky Ave & 26th St,9,4
Racine Ave & 76th,9,3
Western Ave & 100th St,9,2
Public Rack - Linder Ave & Belmont Ave,9,2
Claremont Ave & 71st St,9,0
Eli Whitney Public School,9,0
Cicero Ave & Wrightwood Ave,8,36
Nagle Ave & Belmont Ave,8,24
Neva Ave & Grand Ave,8,8
Kedzie Ave & 63rd St,8,8
Public Rack - Woodlawn Ave & 63rd St - SE,8,6
Public Rack - Menard Ave & Grand Ave,8,4
Christiana Ave & 55th St,8,2
Divvy Valet - Oakwood Beach,8,1
Public Rack - Lawndale Ave & 23rd St,8,1
S Michigan Ave & E 118th St,8,0
Public Rack - Oketo Ave & Belmont Ave,8,0
Public Rack - Pulaski Rd & 44th St,7,27
Public Rack - King Dr & 115th St,7,24
Public Rack - Calumet Ave & 51st St,7,16
Public Rack - Hyde Park Blvd & 55th St,7,16
Western Ave & 79th St,7,11
Public Rack - Tripp Ave & North Ave,7,11
Public Rack - Nagle Ave & Belmont Ave,7,11
Panama Ave & Grace St,7,7
Milwaukee Ave & Addison St,7,7
Pulaski & 52nd,7,6
Greenwood Ave & Lake Park Ave,7,6
Public Rack - King Dr & Oakwood Blvd,7,5
Public Rack - Narragansett Ave & Fullerton Ave,7,5
Emerald Ave & 43rd St,7,2
Springfield Ave & 63rd St,7,1
Keystone Ave & North Ave,6,16
Public Rack - Austin Ave & Wrightwood Ave,6,13
Public Rack - Eberhart Ave & 61st St,6,6
Damen Ave & 47th St,6,5
Kedzie Ave & 64th St - SW,6,3
Menard Ave & Dakin St - midblock,6,3
Public Rack - Midway Orange Line,6,3
Public Rack - Western Ave & 110th St,6,3
Public Rack - Laramie Ave & Warwick Ave,6,3
Abbott Park,6,2
Hoyne Ave & 110th Pl,6,2
Avers Ave & Irving Park Rd,6,2
Walden Pkwy & 99th St,6,2
Public Rack - Pulaski Rd & Lake St,6,2
Hamlin Ave & Grand Ave,6,1
Central Ave & Corcoran Pl,6,1
Laramie Ave & Fullerton Ave,6,1
Pullman - Ross Dress for Less,6,1
Public Rack - Colfax Ave & 83rd St,6,1
Public Rack - Central Ave & Corcoran Pl,6,1
Public Rack - Ashland Ave & 83rd St,6,1
Cicero Ave & North Ave,6,0
Indiana Ave & 133rd St,6,0
Public Rack - Central Ave & North Ave,6,0
Pullman - Walmart,5,15
532 E 43rd St,5,12
Wilton Ave & Diversey Pkwy - Charging,5,12
Public Rack - Evans Ave & 63rd St,5,11
Public Rack - Walden Pkwy & 103rd St,5,10
Spaulding Ave & North Ave,5,9
Public Rack - Chase Ave & Touhy Ave - NE,5,7
Milwaukee Ave & School St,5,6
S Aberdeen St & W 106th St,5,6
Public Rack - Lafayette Ave & 95th St,5,6
Rockwell Ave & Touhy Ave ,5,5
Public Rack - Kedzie Ave & Archer Ave,5,5
Public Rack - Normal Ave & 111th St,5,4
Talman Ave & 51st St - midblock,5,4
Kimball Ave & Carmen Ave,5,3
California Ave & Pershing Rd,5,3
California Ave & 29th St,5,2
S Wentworth Ave & W 111th St,5,2
Public Rack - Sawyer Ave & Bryn Mawr Ave - SW,5,2
Public Rack - Marquette Rd & 67th St,5,2
Pulaski Rd & 41st,5,1
Kostner Ave & North Ave,5,1
Washtenaw Ave & 63rd St,5,1
Kedzie Ave & Pershing Rd,5,1
Kedvale Ave & 63rd St,5,1
Strohacker Park,5,0
63rd & Western Ave - north corner,5,0
Public Rack - Lawndale Ave & 63rd St,5,0
Yates Blvd & Exchange Ave,5,0
Lafayette Ave & 87th St - SW,5,0
Public Rack - Kimbark Ave & 67th St,4,14
Public Rack - California Ave & Devon Ave - NE,4,14
Cottage Grove Ave & 111th St,4,12
Bissell St & Armitage Ave - Charging,4,12
Public Rack - Christiana Ave & Archer Ave,4,8
Cottage Grove & 86th St,4,6
Kedzie Ave & Archer Ave,4,5
Keystone Ave & Irving Park Rd,4,4
California Ave & Devon Ave - NW,4,4
Public Rack - Central Ave & George St,4,4
Public Rack - Exchange Ave & 73rd Pl,4,3
Sacramento Ave & Greenleaf Ave,4,3
111th St - Morgan Park Metra,4,2
Public Rack - Kedzie Ave & 61st Pl W,4,2
Public Rack - Central Park Ave & Ogden Ave,4,2
Public Rack - N Narragansett Ave & Grand Ave,4,2
Longwood Dr & 111th St,4,2
Rockwell & 111th St,4,1
Justine St & 87th St,4,1
Public Rack - Woodlawn Ave & 63rd St S,4,1
Harriet E Sayre Public School,4,1
Public Rack - Francisco Ave & Touhy Ave,4,1
Oketo Ave & Belmont Ave,4,0
Archer Park,4,0
Morgan St & 87th St,4,0
Grand Ave & North Ave,4,0
Mackinaw Ave & 106th St,4,0
Winchester Ave & 87th St,4,0
Throop St & 58th St,4,0
Buffalo Ave & 89th St,4,0
Public Rack - Homan Ave & 26th St,4,0
Public Rack - Pulaski Rd & Grenshaw St,4,0
Western Ave & 118th St,4,0
Public Rack - Penn Elementary School / KIPP Ascend Middle School,3,25
Langley Ave & 79th St,3,9
Public Rack - Christiana Ave & Bryn Mawr Ave,3,6
California Ave & Devon Ave - NE,3,5
Public Rack - Greenwood Ave & Lake Park Ave,3,5
Public Rack - 111th St - Morgan Park Metra,3,5
Harding Ave & 47th St,3,4
Commercial Ave & 89th St,3,4
Public Rack - Champlain Ave & 65th St,3,4
Public Rack - Halsted St & 95th St - SE,3,4
Public Rack - Fullerton Ave & Lavergne Ave,3,4
63rd & Western Ave - south corner,3,4
Marshfield Ave & 45th St,3,4
Public Rack - Karlov Ave & 26th St,3,3
California Ave & Touhy Ave - NW,3,3
Public Rack - Legler Regional Library,3,3
Pubic Rack - Pulaski Rd & 41st,3,2
Public Rack - Kedzie Ave & 58th St,3,2
Public Rack - Lawndale Ave & Polk St,3,2
Public Rack - 532 E 43rd St,3,2
Public Rack - Peterson Ave & Bernard Ave,3,2
Sawyer Ave & 111th St,3,2
Mt Greenwood Library - South,3,2
Hiawatha Park,3,1
Ewing Ave & 96th St,3,1
Kildare Ave & 63rd St,3,1
Western Ave & 105th St,3,1
McVicker Ave & Grand Ave,3,1
St Louis Ave & Berteau Ave,3,1
Austin Ave & Wrightwood Ave,3,1
Western Ave & 111th St - NW,3,1
Kilbourn Ave & Fullerton Ave,3,1
Sawyer Ave & Bryn Mawr Ave - SE,3,1
Public  Rack - Albany Ave & 63rd St,3,1
Public Rack - Harvey Ave & North Ave,3,1
Public Rack - Kildare Ave & North Ave,3,1
WEST CHI-WATSON,3,1
Public Rack - Austin Blvd & North Ave,3,1
Public Rack - Halsted St & 64th St,3,1
Menard Ave & Madison St,3,1
Avondale Ave & Addison St,3,1
Homan Ave & 111th St,3,0
Houston Ave & 91st St,3,0
Torrence Ave  & 106th St,3,0
Western Ave & 106th St - East,3,0
Public Rack - Wallace St & 119th St,3,0
Public Rack - Michigan Ave & 107th St,3,0
Public Rack - Central Park Ave & Fulton Blvd,3,0
Newcastle Ave & Belmont Ave,3,0
Public Rack - Kedzie Ave & 61st Pl,3,0
Public Rack - Western Ave & 92nd Pl,3,0
Public Rack - Jeffery Blvd & 81st St,3,0
Public Rack - Western Ave & 107th Pl,3,0
Public Rack - Menard Ave & Belmont Ave,3,0
Western Ave & 111th St - SE,3,0
Public Rack - Lamon Ave & Erie St,3,0
Halsted St & 80th St,3,0
Spaulding Ave & Foster Ave,3,0
Public Rack - Wood St & 103rd St,3,0
Cottage Grove Ave & 98th St,2,7
Narragansett Ave & Fullerton Ave,2,7
Karlov Ave & Kamerling Ave,2,6
Spaulding Ave & Bryn Mawr Ave,2,6
Public Rack - Hyde Park Blvd & 53rd St,2,5
Kedzie Ave & Argyle St,2,5
Mayfield & Roosevelt Rd,2,5
Public Rack - Pulaski & 52nd,2,5
Martin Luther King Dr & 44th St,2,4
Cottage Grove Ave & 75th St,2,4
Kedvale Ave & Avondale Ave,2,4
Public Rack - Sacramento Blvd & Division St,2,4
Bishop St & 46th St,2,4
Sawyer Ave & Lawrence Ave,2,3
Albany Ave & 111th St - NW,2,3
Public Rack - Langley Ave & 79th St,2,3
Public Rack - Hamlin Ave & Madison St,2,3
Public Rack - Chase Ave & Touhy Ave - NW,2,3
Central Ave & George St,2,3
Cottage Grove & 85th St,2,3
Sacramento Ave & Devon Ave,2,3
Public Rack - Western Ave & 47th Pl,2,3
Public Rack - Pulaski Rd & Roosevelt Rd,2,3
Public Rack - California Ave & Touhy Ave - SW,2,3
Halsted St & 76th St,2,2
Cicero Ave & Roscoe St,2,2
Ingleside Ave & 79th St,2,2
Oleander Ave & Addison St,2,2
Public Rack - Kedzie Ave & 61st Pl E,2,2
Ewing Ave & 105th St,2,2
Latrobe Ave & Lake St,2,2
Rutherford Ave & Belmont Ave,2,2
Public Rack - Stony Island & 87th St,2,2
Public Rack - Hamlin Ave & Chicago Ave,2,2
Public Rack - Forrestville Ave & 47th St,2,2
WestChi,2,2
Kenneth Ave & 63rd St,2,1
Halsted St & 95th St - SW,2,1
Public Rack - Al Raby School,2,1
Public Rack - Langley Ave & 49th St,2,1
Avenue J & 112th St,2,1
Calumet Ave & 103rd St,2,1
Public Rack - Kostner Ave & Wrightwood Ave,2,1
Public Rack - Zapata Academy,2,1
Menard Ave & Grand Ave,2,1
Pulaski Rd & 40th St,2,1
Public Rack - Kedzie Ave & Chicago Ave,2,1
Ellis Ave & 132nd Pl,2,0
Normal Ave & 72nd St,2,0
Back of the Yards Park,2,0
Lafayette Ave & 119th St,2,0
Cottage Grove Ave & 91st St,2,0
Public Rack - Avers Ave & Archer Ave,2,0
Public Rack - Hamilton Ave & 95th St,2,0
Public Rack - La Moyne Ave and Leamington Ave,2,0
Zapata Academy,2,0
Harvard Ave & 103rd St,2,0
Michigan Ave & 119th St,2,0
Mt Greenwood Library - North,2,0
Public Rack - King Dr & 83rd St,2,0
Public Rack - Cottage Grove & 86th St,2,0
Public Rack - Grand Ave & Lawndale Ave,2,0
Public Rack - Kedzie Ave & 64th St - SW,2,0
Public Rack - Latrobe Ave & Lake St,2,0
Ewing Ave & Indianapolis Ave,2,0
Public Rack - Ewing Ave & 107th St,2,0
Lowe Ave & 98th St,2,0
Ewing Ave & 112th St,2,0
Halsted St & 41st St,2,0
Jeffery Blvd & 83rd St,2,0
Stewart Ave & 123rd St,2,0
Western Ave & 106th St - West,2,0
Public Rack - Pulaski Rd & 15th St,2,0
Public Rack - Cornell Ave & 87th Pl,2,0
Public Rack - Walden Pkwy & 99th St,2,0
Public Rack - Western Ave & 98th St,2,0
Public Rack - Eggleston Ave & 115th St,2,0
Public Rack - Paxton Ave & 79th St,2,0
Public Rack - Kedzie & 103rd St - East,2,0
Public Rack - Cottage Grove Ave & 92nd St,2,0
Cicero Ave & Wellington Ave,1,32
Loomis St & 87th St,1,27
Public Rack - Loomis St & 87th St,1,19
Public Rack - Hoyne Ave & 110th Pl,1,11
Public Rack - Brainerd Park,1,10
Morgan St & 95th St,1,10
Public Rack - Throop St & 109th Pl,1,8
Public Rack - Fairfield Ave & 63rd St,1,8
Racine Ave & 74th St,1,7
Laramie Ave & Belmont Ave,1,7
Cottage Grove Ave & 87th St,1,7
Public Rack - Prairie Ave & Garfield Blvd,1,6
Public Rack - Pullman - Walmart,1,5
Laramie Ave & Grand Ave,1,5
Harper Ave & 63rd St,1,4
Cicero Ave & Altgeld St,1,4
Public Rack - Pulaski Rd & 65th St,1,4
Brighton Park Branch Chicago Library,1,4
Menard Ave & Agusta Blvd,1,3
Chase Ave & Touhy Ave - NW,1,3
Calumet Ave & Garfield Blvd,1,3
Public Rack - Stewart Ave & 123rd St,1,3
Public Rack - Lorel Ave & Chicago Ave,1,3
Hamlin Ave & Chicago Ave,1,3
Public Rack - Kedzie Ave & 54th St - SE,1,3
Kimbark Ave & 63rd St,1,2
Public Rack - Ashland Ave & 91st St,1,2
McCormick Blvd & Devon Ave,1,2
Public Rack - Pulaski Rd & 40th St,1,2
Public Rack - Pulaski Rd & 5th Ave,1,2
Public Rack - McVicker Ave & Grand Ave,1,2
Ewing Ave & 106th St,1,2
Public Rack - Ashland Ave & 45th St,1,2
Ewing Ave & 101st St,1,1
Ashland Ave & 45th St,1,1
Lawrence Ave & 103rd St,1,1
Lorel Ave & Chicago Ave,1,1
Newland Ave & Diversey Ave,1,1
Public Rack - Neva Ave & Grand Ave,1,1
Public Rack - Whipple St & 26th St,1,1
Public Rack - Kedzie Ave & Walnut St,1,1
Public Rack - Kolin Ave & Archer Ave,1,1
Public Rack - Western Ave & 107th St,1,1
Public Rack - Kenneth Ave & 63rd St E,1,1
Public Rack - Kedzie Ave & 64th St - SE,1,1
Public Rack - Cottage Grove Ave & 87th St,1,1
Public Rack - California Ave & Pershing Rd,1,1
Piotrowski Park,1,1
State St & 47th st,1,1
Avenue J & 106th St,1,1
Hale Ave & 111th St,1,1
Central Ave & North Ave,1,1
Lafayette Ave & 87th St - NW,1,1
Kildare Ave & Washignton Blvd,1,1
Western Ave & 104th St - East,1,1
Public Rack - Homan Ave & Lake St,1,1
Public Rack - Perry Ave & 111th St,1,1
Cicero Ave & Le Moyne St - midblock,1,1
Public Rack - Ashland Ave & 76th St,1,1
Public Rack - Kimbark Ave & 63rd St,1,1
Public Rack - Langley Ave & Oakwood Blvd,1,1
Public Rack - Prairie Ave & Garfield Blvd N,1,1
Chase Ave & Touhy Ave - NE,1,1
Pittsburgh Ave & Irving Park,1,1
Public Rack - Percy Julian HS,1,1
Mackinaw Ave & 108th St,1,1
Halsted St & 102nd St,1,1
Buffalo Ave & 133rd St,1,1
Jeffrey Blvd & 71st St,1,1
Chappel Ave & 71st St,1,1
Ashland Ave & 45th St - midblock south,1,1
Colfax Ave & 83rd St,1,1
Public Rack - Ewing Ave & 106th St,1,1
Public Rack - Kedzie Ave & 60th St,1,1
Public Rack - Maplewood Ave & 47th St,1,1
Maryland Ave & 87th ST,1,1
Menard Ave & Belmont Ave,1,1
Austin Ave & Wellington Ave - midblock,1,1
Public Rack - Western Ave & 104th St - East,1,1
Cicero Ave & Cortland St - midblock,1,1
Public Rack - Kedvale Ave & 26th St,1,1
Public Rack - Talman Ave & Pershing Rd,1,1
Ozark Ave & Addison St,1,1
Public Rack - May St & 78th St,1,1
Austin Ave & Roscoe St,1,0
Marshfield Ave & 87th St,1,0
Cottage Grove Ave & 92nd St,1,0
Martin Luther King Dr & 69th St,1,0
Plainfield Ave & Irving Park Rd,1,0
Public Rack - Laflin St & 51st St,1,0
Public Rack - Ozark Ave & Addison St,1,0
Public Rack - Roswell B. Mason Elementary School,1,0
Ada St & 95th St,1,0
Ada St & 117th St,1,0
Green St & 103rd St,1,0
Albany Ave & 103rd St,1,0
Loomis Blvd & 83rd St,1,0
Corliss Ave & 133rd St,1,0
Trumbull Ave & 111th St,1,0
Eggleston Ave & 114th St,1,0
Kedzie & 103rd St - East,1,0
83rd St (Avalon Park) Metra,1,0
Sacramento Blvd & Washington Blvd,1,0
Public Rack - Lafayette Ave & 87th St SW,1,0
Penn Elementary School / KIPP Ascend Middle School,1,0
Public Rack - Baltimore Ave & 132nd St,1,0
Michigan Ave & 110th St,1,0
Vincennes Ave & 95th Pl,1,0
Michigan Ave & 96th St,1,0
Michigan Ave & 102nd St,1,0
Rhodes Ave & 79th St,1,0
Public Rack - Western Ave & 100th St,1,0
Public Rack - Komensky Ave & 59th St,1,0
Keeler Ave & 55th St,1,0
Public Rack - Emerald Ave & 45th St,1,0
Mason Ave & Roosevelt Rd,1,0
Public Rack - Menard Ave & Adams Blvd,1,0
Public Rack - Nordica Ave & Addison St,1,0
Public Rack - Kostner Ave & 16th St,1,0
Public Rack - 53rd St & Indiana Ave,1,0
Public Rack - Halsted St & 109th St,1,0
Public Rack - Langley Ave & 87th St,1,0
Chopin Park,1,0
Al Raby School,1,0
May St & 63rd St,1,0
Tuley (Murray) Park,1,0
Yale Ave & 119th St,1,0
Lamon Ave & Archer Ave,1,0
10101 S Stony Island Ave,1,0
Halsted St & 95th St - SE,1,0
Park Manor Elementary School,1,0
Public Rack - Rockwell & 111th St,1,0
Public Rack - Chappel Ave & 71st St,1,0
Public Rack - Western Ave & 79th St,1,0
Public Rack - Western Ave & 116th St,1,0
Public Rack - Roscoe St & Osceola Ave,1,0
Public Rack - Newcastle Ave & Belmont Ave,1,0
Public Rack - Western Ave & 111th St - NW,1,0
Public Rack - Western Ave & 104th St - West,1,0
Public Rack - Michele Clark Magnet High School,1,0
Public Rack - Spencer Elementary Technology Academy,1,0
Ada St & 79th St,1,0
Laflin St & 79th St,1,0
Wallace St & 112 St,1,0
Hamilton Ave & 95th St,1,0
California Ave & Ogden Ave,1,0
Newcastle Ave & Wellington Ave,1,0
Public Rack - Bell Ave & 95th St,1,0
City Rack - Albany Ave & 103rd St,1,0
Public Rack - Hoyne Ave & 51st St,1,0
Public Rack - Kedvale Ave & 63rd St,1,0
Austin Branch Chicago Public Library,1,0
Public Rack - Garfield Park Conservatory,1,0
Public Rack - Cottage Grove Ave & 98th St,1,0
Pawel Bialowas - Test- PBSC charging station,1,0
Ewing Ave & 99th St,1,0
Halsted St & 64th St,1,0
Greenwood Ave & 87th St,1,0
Legler Regional Library,1,0
Michigan Ave & 113th St,1,0
Orville T Bright School,1,0
Princeton Ave & 43rd St,1,0
Melvina Ave & Belmont Ave,1,0
Public Rack - Lawndale & 63rd St,1,0
Public Rack - Perry Ave & 108th Pl,1,0
Public Rack - Union Ave & 111th St,1,0
Public Rack - Kedzie Ave &amp; 62nd Pl,1,0
Public Rack - Martin Luther King Dr & 69th St,1,0
Public Rack - Western Ave & 106th St - East,1,0
Public Rack - Kedzie Ave & 54th St - SW,1,0
Public Rack - Halsted St & 111th St,1,0
Public Rack - Emerald Ave & 43rd St,1,0
Pullman Community Center,1,0
Public Rack - Oakley Ave & 50th Pl,1,0
Public Rack - Sawyer Ave & Chicago Ave,1,0
Public Rack - Racine Ave & 109th Pl,0,41
Brandon Ave & 91st St,0,15
Public Rack - Wood St & 47th St,0,6
Public Rack - Prairie Ave & 47th St ,0,6
Oglesby Ave & 95th St,0,5
Public Rack - Cicero Ave & Le Moyne St - midblock,0,5
Public Rack - Central Park Ave & Fillmore St,0,5
Evans Ave & 63rd St,0,4
Waller Ave & Chicago Ave,0,4
Public Rack - Mt Greenwood Library N,0,4
Ashland Ave & 71st St,0,4
Public Rack - Kedzie Ave & 62nd Pl,0,4
Emerald Ave & 45th St,0,3
Western Ave & 116th St,0,3
Public Rack - Division St & Christiana Ave,0,3
Perry Ave & 108th Pl,0,3
Ashland Ave & 46th St,0,3
Kedzie Ave & 64th St - SE,0,3
Public Rack - Michigan Ave & 113th St,0,3
Public Rack - Sawyer Ave & Bryn Mawr Ave - SE,0,3
Forrestville Ave & 47th St,0,3
Stony Is Ave & 73rd St,0,3
Muskegon Ave & 89th St,0,2
Austin Blvd & North Ave,0,2
Public Rack - Morgan St & 95th St,0,2
Public Rack - Halsted St & 76th St,0,2
Public Rack - Pulaski Rd & 51st Rd,0,2
Public Rack - Pullman Community Center,0,2
Public Rack - Richmond St & Thorndale Ave,0,2
Avenue M & 132nd St,0,2
Public Rack - Bensley Ave & 103rd St,0,2
Public Rack - Kingston Ave & 75th St,0,2
Public Rack - Peterson Ave & Drake Ave,0,2
Linder Ave & Belmont Ave,0,2
Karlov Ave & Milwaukee Ave,0,2
Public Rack - Saginaw Ave & 93rd St,0,2
Public Rack - Cottage Grove & 85th St,0,2
Laflin St & 51st St,0,2
Morgan St & 103rd St,0,2
Langley Ave & 105th Pl,0,2
Drexel Ave & 87th St,0,1
Lake Park Ave & 44th St,0,1
Christiana Ave & Bryn Mawr Ave,0,1
Public Rack - Yates Ave & 100th St,0,1
Public Rack - Halsted St & 102nd St,0,1
Public Rack - Loomis Blvd & 83rd St,0,1
Public Rack - East End Ave & 75th St,0,1
Public Rack - Jeffery Blvd & 83rd St,0,1
Public Rack - Marshfield Ave & 87th St,0,1
Public Rack - Pullman - Planet Fitness,0,1
Public Rack - Independence Blvd & Roosevelt,0,1
Troy & 111th St,0,1
New England Ave & Grace St,0,1
Public Rack - Damen Ave & 47th St,0,1
Public Rack - Halsted St & 113th St,0,1
Public Rack - Western Ave & 118th St,0,1
Public Rack - Claremont Ave & 71st St,0,1
Public Rack - Laporte Ave & Armitage Ave,0,1
Wentworth Ave & 103rd St,0,1
Public Rack - Commercial Ave & 89th St,0,1
Sangamon St & 79th St,0,1
William Rainey Harper High School,0,1
Public Rack - Halsted St & 63rd St,0,1
Public Rack - Kedzie Ave & 63rd St,0,1
Oglesby Ave & 105th St,0,1
Kildare Ave & Division Ave,0,1
Public Rack - Pulaski Rd &amp; 65th St,0,1
Public Rack - Washington Park Ct & 51st St,0,1
Hastings WH 2,0,1
Avers Ave & Ogden Ave,0,1
Bennett Ave & 96th St,0,1
Mackinaw Ave & 85th St,0,1
Baltimore Ave & 133rd St,0,1
N Shore Channel Trail & Argyle Ave,0,1
Public Rack - Marshfield Ave & 45th St,0,1
Public Rack - Keef Ave & South Chicago Ave,0,1
Public Rack - Rutherford Ave & Belmont Ave,0,1
Damen Ave & 80th St,0,1
Public Rack - Racine Ave & 76th,0,1
Public Rack - 10557 S Western Ave,0,1
Public Rack - Keeler Ave & 26th St,0,1
Public Rack - Central Park Ave & 16th St,0,1
Public Rack - Kedzie Ave & Arthington St,0,1
Ashland Ave & 73rd St,0,1
Lawndale Ave & Polk St,0,1
Stony Island Ave & 86th St,0,1
Public Rack - West Chatham Park,0,1
Public Rack - 63rd & Western Ave N,0,1
Public Rack - Harper Ave & 63rd St,0,1
Public Rack - Buffalo Ave & 89th St,0,1
Public Rack - Michigan Ave & 96th St,0,1
Public Rack - Austin Ave & Wellington Ave,0,1
Public Rack - Harriet E Sayre Public School,0,1
Public Rack - Parnell Ave & 103rd St,0,1
Public Rack - Wabash Ave & 87th St,0,1
Western Ave & 111th St - SW,0,1
Public Rack - Ashland Ave & 71st St,0,1
Public Rack - Kildare Ave & 63rd St,0,1
Public Rack - Austin Branch Chicago Public Library,0,1
Public Rack - Longwood Dr & 111th St,0,1
Bensley Ave & 103rd St,0,1
Public Rack - Ashland Ave & 63rd St,0,1
Public Rack - Homan Ave & Roosevelt,0,1